AS신청ID,고객ID,신청일,분류,심각도,완료일,기술자만족도
AS000001,CUST002899,2023-04-27,폐기,낮음,2023-01-05,
AS000002,CUST004364,2023-02-09,점검,중간,2023-01-07,
AS000003,CUST000815,2024-03-10,점검,중간,2023-01-20,2.0
AS000004,CUST000572,2024-05-22,폐기,긴급,2023-01-05,2.0
AS000005,CUST004138,2023-06-24,설치,높음,2023-01-08,4.0
AS000006,CUST000825,2024-10-03,점검,중간,2023-01-17,2.0
AS000007,CUST001372,2024-06-21,기술상담,중간,2023-01-13,3.0
AS000008,CUST004701,2024-05-13,폐기,낮음,2023-01-12,2.0
AS000009,CUST000653,2023-05-24,점검,중간,2023-01-08,5.0
AS000010,CUST004726,2024-07-14,설치,중간,,2.0
AS000011,CUST001117,2024-03-04,기술상담,중간,,5.0
AS000012,CUST000489,2024-02-13,폐기,낮음,2023-01-10,2.0
AS000013,CUST000876,2023-01-10,설치,중간,2023-01-16,1.0
AS000014,CUST002899,2023-10-31,수리,높음,2023-01-14,1.0
AS000015,CUST000577,2023-05-01,점검,높음,,4.0
AS000016,CUST000981,2024-03-21,점검,긴급,2023-01-29,
AS000017,CUST002168,2023-10-29,기술상담,낮음,2023-01-13,2.0
AS000018,CUST000435,2024-11-23,점검,낮음,,
AS000019,CUST004692,2023-10-05,수리,높음,,1.0
AS000020,CUST002823,2024-06-19,폐기,낮음,2023-01-29,3.0
AS000021,CUST001734,2023-11-27,수리,중간,2023-01-09,3.0
AS000022,CUST003721,2024-09-21,수리,중간,,
AS000023,CUST002496,2024-01-16,기술상담,낮음,2023-01-22,
AS000024,CUST000444,2024-07-31,폐기,낮음,,5.0
AS000025,CUST001124,2024-10-27,점검,중간,,3.0
AS000026,CUST000725,2023-06-19,설치,높음,2023-01-10,3.0
AS000027,CUST003637,2023-05-25,수리,중간,2023-01-30,5.0
AS000028,CUST004282,2023-10-25,점검,높음,2023-01-06,3.0
AS000029,CUST002453,2024-06-19,기술상담,낮음,,
AS000030,CUST000262,2024-12-02,수리,중간,2023-01-02,
AS000031,CUST002534,2023-07-29,점검,낮음,2023-01-06,1.0
AS000032,CUST003316,2024-09-20,수리,높음,2023-01-17,3.0
AS000033,CUST002776,2024-01-16,폐기,낮음,,5.0
AS000034,CUST000972,2024-06-15,기술상담,낮음,2023-01-27,4.0
AS000035,CUST000579,2024-09-11,수리,중간,2023-01-25,5.0
AS000036,CUST004607,2023-09-15,폐기,중간,2023-01-13,3.0
AS000037,CUST002610,2024-04-28,기술상담,중간,2023-01-28,2.0
AS000038,CUST003507,2024-04-18,점검,낮음,2023-01-07,2.0
AS000039,CUST002938,2023-08-04,수리,중간,2023-01-18,
AS000040,CUST004835,2023-12-05,폐기,긴급,,2.0
AS000041,CUST002621,2023-05-19,점검,낮음,2023-01-27,
AS000042,CUST004549,2023-06-18,수리,긴급,2023-01-13,5.0
AS000043,CUST004930,2024-06-20,폐기,낮음,,4.0
AS000044,CUST000175,2024-04-30,수리,높음,2023-01-07,3.0
AS000045,CUST000781,2023-01-11,설치,낮음,2023-01-08,2.0
AS000046,CUST000484,2023-11-22,폐기,중간,2023-01-22,4.0
AS000047,CUST000352,2024-03-02,점검,중간,2023-01-28,
AS000048,CUST004247,2023-07-03,설치,중간,2023-01-12,3.0
AS000049,CUST003081,2023-06-03,수리,높음,2023-01-02,
AS000050,CUST004563,2024-04-26,기술상담,높음,2023-01-30,4.0
AS000051,CUST002587,2023-03-10,폐기,높음,2023-01-25,
AS000052,CUST000998,2023-01-06,폐기,낮음,,4.0
AS000053,CUST000755,2023-11-16,설치,중간,,
AS000054,CUST004485,2024-12-19,기술상담,중간,2023-01-14,3.0
AS000055,CUST002758,2023-07-12,점검,중간,,2.0
AS000056,CUST001669,2023-07-24,설치,긴급,2023-01-07,4.0
AS000057,CUST001126,2024-12-11,폐기,높음,2023-01-02,
AS000058,CUST003318,2023-04-07,설치,높음,2023-01-09,2.0
AS000059,CUST000284,2024-07-04,기술상담,중간,2023-01-04,2.0
AS000060,CUST003639,2024-04-14,폐기,중간,2023-01-17,5.0
AS000061,CUST002136,2023-12-05,폐기,높음,2023-01-15,
AS000062,CUST003278,2023-04-07,수리,긴급,,5.0
AS000063,CUST003876,2023-03-04,폐기,높음,2023-01-06,4.0
AS000064,CUST003817,2024-10-01,폐기,중간,,
AS000065,CUST003717,2024-04-24,설치,중간,,1.0
AS000066,CUST001439,2024-08-31,기술상담,중간,2023-01-17,
AS000067,CUST000721,2023-06-10,기술상담,중간,2023-01-30,5.0
AS000068,CUST003808,2023-03-10,기술상담,중간,2023-01-12,1.0
AS000069,CUST003805,2023-12-25,기술상담,중간,2023-01-13,
AS000070,CUST003284,2024-10-13,기술상담,높음,,
AS000071,CUST000673,2024-07-26,설치,중간,2023-01-05,2.0
AS000072,CUST002932,2023-08-20,점검,중간,2023-01-25,
AS000073,CUST002121,2023-12-20,폐기,높음,,2.0
AS000074,CUST002838,2024-10-05,점검,낮음,2023-01-06,3.0
AS000075,CUST002144,2023-01-15,수리,낮음,2023-01-06,
AS000076,CUST004006,2023-07-17,수리,낮음,,3.0
AS000077,CUST002882,2023-10-09,점검,높음,2023-01-23,1.0
AS000078,CUST001212,2023-10-19,기술상담,높음,2023-01-05,3.0
AS000079,CUST004824,2024-03-12,수리,높음,2023-01-11,1.0
AS000080,CUST002008,2024-08-21,설치,높음,,
AS000081,CUST003165,2023-11-10,수리,낮음,2023-01-09,1.0
AS000082,CUST003929,2024-01-12,수리,중간,2023-01-25,2.0
AS000083,CUST001411,2024-10-01,기술상담,낮음,2023-01-12,
AS000084,CUST004179,2024-02-17,수리,중간,2023-01-16,
AS000085,CUST003579,2023-09-18,설치,중간,2023-01-18,
AS000086,CUST002149,2024-07-28,기술상담,중간,2023-01-30,3.0
AS000087,CUST000378,2024-07-08,수리,높음,2023-01-30,5.0
AS000088,CUST001653,2024-10-18,수리,중간,2023-01-15,
AS000089,CUST001713,2024-11-06,폐기,긴급,2023-01-06,5.0
AS000090,CUST002863,2023-07-27,설치,중간,2023-01-31,1.0
AS000091,CUST001880,2023-03-21,수리,중간,,3.0
AS000092,CUST004598,2024-08-29,점검,중간,2023-01-27,5.0
AS000093,CUST001251,2023-06-06,수리,높음,2023-01-03,5.0
AS000094,CUST002821,2023-04-16,수리,중간,,3.0
AS000095,CUST003897,2023-08-10,점검,높음,,3.0
AS000096,CUST004060,2023-10-14,폐기,높음,2023-01-22,4.0
AS000097,CUST004113,2023-07-02,수리,높음,2023-01-27,
AS000098,CUST002600,2023-09-27,폐기,중간,2023-01-14,5.0
AS000099,CUST002734,2024-07-31,수리,낮음,2023-01-20,4.0
AS000100,CUST000889,2023-04-15,폐기,낮음,2023-01-29,2.0
AS000101,CUST004942,2023-05-10,설치,중간,2023-01-22,
AS000102,CUST001852,2024-06-18,점검,높음,,
AS000103,CUST004809,2024-08-24,기술상담,낮음,,2.0
AS000104,CUST001514,2024-10-22,폐기,중간,2023-01-08,2.0
AS000105,CUST003322,2024-01-28,점검,높음,2023-01-10,
AS000106,CUST002606,2023-12-05,점검,낮음,2023-01-05,1.0
AS000107,CUST003810,2024-08-12,점검,낮음,2023-01-22,1.0
AS000108,CUST002050,2024-08-29,점검,중간,,4.0
AS000109,CUST004053,2024-09-11,폐기,긴급,,1.0
AS000110,CUST003525,2023-10-11,설치,중간,2023-01-30,3.0
AS000111,CUST000738,2024-09-22,설치,중간,2023-01-12,5.0
AS000112,CUST002789,2024-11-15,폐기,높음,,4.0
AS000113,CUST003155,2024-04-29,점검,낮음,2023-01-19,1.0
AS000114,CUST000380,2023-08-03,폐기,낮음,2023-01-05,
AS000115,CUST001615,2023-06-22,설치,중간,2023-01-12,5.0
AS000116,CUST001916,2023-01-03,폐기,중간,,
AS000117,CUST000872,2023-08-26,폐기,높음,2023-01-27,2.0
AS000118,CUST002327,2023-08-10,폐기,낮음,2023-01-22,
AS000119,CUST003285,2023-04-04,폐기,낮음,2023-01-19,3.0
AS000120,CUST002906,2024-09-21,수리,중간,2023-01-09,2.0
AS000121,CUST000306,2023-05-31,폐기,긴급,,1.0
AS000122,CUST002897,2023-05-27,수리,높음,,3.0
AS000123,CUST001076,2023-06-18,폐기,중간,2023-01-24,4.0
AS000124,CUST004683,2024-05-01,점검,낮음,2023-01-29,4.0
AS000125,CUST001353,2023-01-01,폐기,낮음,2023-01-16,
AS000126,CUST003947,2023-11-28,점검,긴급,2023-01-04,
AS000127,CUST000681,2023-03-21,폐기,낮음,,3.0
AS000128,CUST002896,2023-02-23,설치,높음,,
AS000129,CUST003973,2023-05-21,수리,높음,2023-01-28,
AS000130,CUST000414,2024-06-07,수리,낮음,,5.0
AS000131,CUST003262,2024-03-26,수리,낮음,,
AS000132,CUST001985,2024-03-11,점검,낮음,2023-01-28,2.0
AS000133,CUST004946,2024-11-11,수리,긴급,2023-01-26,
AS000134,CUST004175,2024-04-28,설치,높음,2023-01-25,4.0
AS000135,CUST003890,2023-12-01,폐기,낮음,2023-01-18,
AS000136,CUST003900,2023-11-06,점검,중간,2023-01-06,1.0
AS000137,CUST003920,2024-05-27,폐기,중간,2023-01-18,
AS000138,CUST004024,2023-05-01,설치,낮음,2023-01-27,5.0
AS000139,CUST002249,2023-09-04,수리,중간,2023-01-19,3.0
AS000140,CUST004976,2024-07-27,기술상담,높음,2023-01-18,
AS000141,CUST000740,2024-02-07,점검,중간,2023-01-07,
AS000142,CUST003936,2024-01-22,수리,중간,2023-01-07,1.0
AS000143,CUST004191,2024-01-30,설치,낮음,2023-01-29,3.0
AS000144,CUST001165,2024-12-24,기술상담,높음,2023-01-28,
AS000145,CUST000556,2024-04-30,설치,중간,,1.0
AS000146,CUST002250,2023-12-30,설치,낮음,2023-01-19,5.0
AS000147,CUST001658,2023-11-16,수리,중간,,2.0
AS000148,CUST000297,2024-06-18,설치,긴급,2023-01-29,5.0
AS000149,CUST000095,2023-11-21,점검,높음,2023-01-03,4.0
AS000150,CUST003311,2024-06-27,폐기,낮음,,
AS000151,CUST001580,2023-03-22,설치,낮음,,
AS000152,CUST002338,2024-09-11,폐기,중간,2023-01-30,5.0
AS000153,CUST001336,2023-08-08,점검,중간,2023-01-15,1.0
AS000154,CUST003168,2023-06-20,점검,중간,,5.0
AS000155,CUST004774,2024-10-10,설치,높음,2023-01-06,5.0
AS000156,CUST001154,2023-10-12,폐기,낮음,2023-01-11,
AS000157,CUST001188,2024-12-29,설치,낮음,2023-01-10,3.0
AS000158,CUST000965,2023-05-27,설치,낮음,2023-01-23,4.0
AS000159,CUST004984,2024-03-23,수리,중간,2023-01-31,1.0
AS000160,CUST000239,2024-07-27,기술상담,중간,2023-01-21,4.0
AS000161,CUST004368,2024-03-28,수리,높음,,
AS000162,CUST003875,2024-05-16,설치,낮음,2023-01-15,
AS000163,CUST001621,2024-12-12,폐기,중간,2023-01-17,2.0
AS000164,CUST002979,2023-09-14,점검,중간,,
AS000165,CUST000330,2024-12-02,기술상담,긴급,,
AS000166,CUST002235,2023-05-04,기술상담,중간,,3.0
AS000167,CUST003558,2024-07-25,기술상담,낮음,,1.0
AS000168,CUST000527,2024-03-21,설치,낮음,2023-01-27,
AS000169,CUST000981,2024-10-29,점검,낮음,2023-01-15,5.0
AS000170,CUST002951,2023-12-23,설치,낮음,2023-01-08,3.0
AS000171,CUST004018,2023-07-02,기술상담,낮음,2023-01-13,2.0
AS000172,CUST003244,2023-01-26,점검,긴급,2023-01-10,4.0
AS000173,CUST002266,2024-01-10,설치,중간,2023-01-14,1.0
AS000174,CUST002201,2024-04-22,수리,낮음,2023-01-25,1.0
AS000175,CUST002042,2024-11-17,수리,낮음,2023-01-23,
AS000176,CUST002414,2023-12-21,설치,긴급,2023-01-16,5.0
AS000177,CUST001393,2024-03-10,기술상담,높음,2023-01-10,
AS000178,CUST004615,2023-08-07,점검,높음,,3.0
AS000179,CUST001939,2024-09-23,폐기,높음,2023-01-05,
AS000180,CUST001447,2024-07-27,설치,중간,2023-01-18,4.0
AS000181,CUST003892,2023-07-15,기술상담,중간,2023-01-22,
AS000182,CUST004413,2024-01-27,설치,긴급,2023-01-09,5.0
AS000183,CUST003055,2024-01-19,기술상담,중간,2023-01-11,1.0
AS000184,CUST001644,2023-07-03,수리,낮음,,
AS000185,CUST002826,2023-01-11,기술상담,긴급,2023-01-21,
AS000186,CUST000821,2023-07-20,기술상담,낮음,2023-01-04,3.0
AS000187,CUST003942,2024-03-28,점검,높음,,2.0
AS000188,CUST001075,2024-01-05,설치,중간,,4.0
AS000189,CUST000674,2024-06-22,설치,중간,2023-01-30,2.0
AS000190,CUST000850,2023-07-19,기술상담,낮음,2023-01-03,
AS000191,CUST002684,2023-01-06,기술상담,낮음,2023-01-30,2.0
AS000192,CUST002084,2024-08-23,설치,높음,2023-01-22,
AS000193,CUST000774,2023-11-14,점검,긴급,2023-01-20,
AS000194,CUST003328,2023-12-03,기술상담,낮음,2023-01-24,3.0
AS000195,CUST002399,2023-04-07,수리,낮음,2023-01-27,4.0
AS000196,CUST003033,2024-01-13,설치,낮음,2023-01-11,4.0
AS000197,CUST003049,2023-09-17,점검,긴급,2023-01-05,2.0
AS000198,CUST004687,2024-05-29,수리,높음,2023-01-25,3.0
AS000199,CUST004920,2023-01-14,설치,중간,2023-01-21,5.0
AS000200,CUST003230,2024-09-13,수리,중간,,1.0
AS000201,CUST002669,2023-10-07,폐기,중간,2023-01-29,2.0
AS000202,CUST003133,2023-02-04,기술상담,중간,2023-01-28,
AS000203,CUST000520,2024-10-24,폐기,중간,2023-01-15,
AS000204,CUST004371,2023-10-09,수리,높음,2023-01-22,2.0
AS000205,CUST000656,2024-10-19,점검,중간,2023-01-26,3.0
AS000206,CUST003492,2024-05-05,설치,긴급,2023-01-25,
AS000207,CUST000704,2024-02-12,폐기,중간,2023-01-30,4.0
AS000208,CUST002134,2023-02-14,수리,긴급,2023-01-18,5.0
AS000209,CUST003538,2024-12-13,설치,중간,2023-01-23,
AS000210,CUST003700,2024-12-22,폐기,중간,,
AS000211,CUST003046,2023-09-17,점검,높음,,1.0
AS000212,CUST000587,2023-10-08,설치,중간,2023-01-05,5.0
AS000213,CUST001825,2024-10-02,점검,긴급,2023-01-17,1.0
AS000214,CUST004357,2023-02-28,수리,중간,2023-01-17,1.0
AS000215,CUST001945,2024-08-08,폐기,낮음,2023-01-15,4.0
AS000216,CUST001762,2023-02-01,점검,낮음,2023-01-05,
AS000217,CUST004551,2024-04-27,기술상담,긴급,,3.0
AS000218,CUST001561,2024-09-14,수리,중간,,
AS000219,CUST003763,2024-10-09,폐기,높음,2023-01-21,
AS000220,CUST002913,2024-04-10,폐기,중간,,1.0
AS000221,CUST001782,2024-05-17,수리,중간,2023-01-18,
AS000222,CUST002705,2023-06-27,점검,낮음,,3.0
AS000223,CUST004445,2024-04-29,점검,낮음,2023-01-03,5.0
AS000224,CUST001146,2024-10-25,폐기,낮음,2023-01-20,3.0
AS000225,CUST000224,2024-07-12,설치,높음,,4.0
AS000226,CUST002680,2023-04-17,폐기,높음,2023-01-05,
AS000227,CUST000169,2023-02-09,폐기,중간,2023-01-05,5.0
AS000228,CUST001161,2024-01-14,설치,중간,,
AS000229,CUST000186,2023-01-30,기술상담,높음,2023-01-20,2.0
AS000230,CUST003447,2024-09-19,점검,낮음,2023-01-30,4.0
AS000231,CUST002268,2024-12-31,폐기,낮음,2023-01-28,
AS000232,CUST002446,2023-06-06,폐기,중간,2023-01-25,
AS000233,CUST001083,2024-12-23,수리,중간,2023-01-22,2.0
AS000234,CUST002849,2023-07-01,수리,중간,,
AS000235,CUST001128,2023-05-15,설치,낮음,,
AS000236,CUST001168,2023-03-26,기술상담,중간,2023-01-18,
AS000237,CUST001913,2024-03-05,폐기,긴급,2023-01-14,4.0
AS000238,CUST000515,2023-05-03,폐기,중간,,3.0
AS000239,CUST002027,2023-02-27,점검,중간,2023-01-26,1.0
AS000240,CUST003712,2024-03-30,수리,높음,2023-01-31,2.0
AS000241,CUST003511,2024-10-14,점검,중간,2023-01-20,3.0
AS000242,CUST004076,2024-12-28,폐기,높음,2023-01-22,3.0
AS000243,CUST000632,2023-03-05,설치,중간,,4.0
AS000244,CUST000869,2023-11-18,폐기,낮음,2023-01-31,
AS000245,CUST000431,2023-04-10,폐기,낮음,2023-01-02,3.0
AS000246,CUST000481,2024-07-11,점검,중간,2023-01-29,
AS000247,CUST003802,2023-10-12,설치,높음,,1.0
AS000248,CUST001115,2023-07-18,기술상담,긴급,2023-01-23,5.0
AS000249,CUST000354,2024-11-01,기술상담,높음,2023-01-09,
AS000250,CUST001452,2024-09-20,설치,낮음,2023-01-27,4.0
AS000251,CUST002468,2023-01-18,기술상담,중간,2023-01-16,5.0
AS000252,CUST001624,2023-12-07,수리,중간,2023-01-22,
AS000253,CUST004059,2024-11-19,점검,낮음,2023-01-27,5.0
AS000254,CUST001154,2023-11-21,기술상담,낮음,2023-01-19,
AS000255,CUST001347,2024-12-27,점검,중간,,
AS000256,CUST001864,2023-06-23,점검,긴급,2023-01-12,2.0
AS000257,CUST003387,2024-08-23,설치,낮음,2023-01-26,4.0
AS000258,CUST003684,2024-01-11,폐기,긴급,2023-01-28,1.0
AS000259,CUST003701,2024-06-12,폐기,낮음,2023-01-17,3.0
AS000260,CUST000229,2023-01-15,점검,낮음,,2.0
AS000261,CUST003403,2024-11-11,점검,높음,2023-01-21,4.0
AS000262,CUST004778,2024-02-17,설치,높음,2023-01-27,
AS000263,CUST001676,2024-03-02,설치,높음,,4.0
AS000264,CUST002483,2024-11-14,점검,긴급,2023-01-28,
AS000265,CUST002629,2024-11-16,설치,높음,2023-01-31,
AS000266,CUST003759,2023-03-04,점검,낮음,2023-01-22,4.0
AS000267,CUST002639,2023-03-08,설치,높음,2023-01-21,3.0
AS000268,CUST000926,2023-07-17,점검,긴급,2023-01-07,1.0
AS000269,CUST004327,2024-05-28,폐기,높음,,
AS000270,CUST004487,2023-06-01,폐기,낮음,2023-01-29,1.0
AS000271,CUST003844,2023-10-01,점검,낮음,2023-01-13,
AS000272,CUST001445,2023-03-27,수리,중간,2023-01-16,
AS000273,CUST003018,2023-06-26,폐기,중간,,1.0
AS000274,CUST002531,2024-03-30,설치,긴급,,1.0
AS000275,CUST002052,2023-02-15,기술상담,중간,,
AS000276,CUST000015,2023-10-10,설치,중간,2023-01-05,
AS000277,CUST002455,2024-09-15,설치,높음,2023-01-11,1.0
AS000278,CUST002145,2023-07-23,점검,중간,,2.0
AS000279,CUST004393,2024-12-06,설치,중간,2023-01-19,1.0
AS000280,CUST000653,2024-06-01,점검,중간,2023-01-19,3.0
AS000281,CUST000555,2024-02-24,점검,높음,2023-01-14,5.0
AS000282,CUST000514,2023-06-27,수리,낮음,2023-01-04,
AS000283,CUST002135,2024-10-12,폐기,중간,2023-01-04,
AS000284,CUST000005,2023-01-04,설치,낮음,2023-01-31,5.0
AS000285,CUST002548,2023-11-15,점검,낮음,,
AS000286,CUST004474,2023-10-08,수리,높음,2023-01-10,
AS000287,CUST003638,2024-07-28,기술상담,높음,2023-01-12,5.0
AS000288,CUST003879,2023-12-26,폐기,중간,2023-01-14,1.0
AS000289,CUST000273,2023-05-01,점검,중간,2023-01-14,
AS000290,CUST001305,2023-12-16,수리,높음,2023-01-25,
AS000291,CUST000097,2024-04-22,점검,중간,,4.0
AS000292,CUST001086,2024-08-04,수리,중간,,3.0
AS000293,CUST002781,2024-12-14,폐기,중간,2023-01-20,1.0
AS000294,CUST003336,2023-03-30,설치,높음,,1.0
AS000295,CUST004738,2024-08-02,기술상담,긴급,2023-01-09,
AS000296,CUST001887,2024-04-19,폐기,중간,2023-01-03,1.0
AS000297,CUST000266,2023-04-01,설치,낮음,2023-01-06,
AS000298,CUST002150,2023-04-30,수리,긴급,2023-01-10,3.0
AS000299,CUST003414,2023-04-03,수리,높음,2023-01-09,1.0
AS000300,CUST004203,2023-07-06,점검,중간,,5.0
AS000301,CUST004685,2023-03-30,수리,낮음,,
AS000302,CUST003175,2023-07-10,기술상담,높음,2023-01-09,
AS000303,CUST001725,2023-11-22,기술상담,중간,2023-01-27,3.0
AS000304,CUST001854,2024-08-28,설치,낮음,2023-01-02,5.0
AS000305,CUST003331,2024-10-03,설치,중간,2023-01-02,
AS000306,CUST002960,2023-01-21,기술상담,중간,,1.0
AS000307,CUST000059,2023-06-23,수리,긴급,2023-01-16,2.0
AS000308,CUST000990,2023-01-11,폐기,중간,2023-01-19,5.0
AS000309,CUST001333,2023-08-11,설치,중간,,4.0
AS000310,CUST004344,2024-10-15,수리,중간,2023-01-07,5.0
AS000311,CUST004136,2024-01-19,기술상담,낮음,,
AS000312,CUST001963,2024-04-16,수리,긴급,2023-01-22,2.0
AS000313,CUST004982,2023-03-25,수리,긴급,2023-01-30,2.0
AS000314,CUST004450,2023-09-10,기술상담,긴급,,2.0
AS000315,CUST001701,2023-11-12,점검,중간,2023-01-24,4.0
AS000316,CUST003964,2024-11-28,수리,중간,,5.0
AS000317,CUST003842,2024-10-19,설치,높음,2023-01-27,2.0
AS000318,CUST001134,2023-07-15,기술상담,높음,2023-01-13,5.0
AS000319,CUST004746,2023-05-16,점검,중간,2023-01-31,5.0
AS000320,CUST004717,2023-11-14,점검,중간,,2.0
AS000321,CUST001615,2023-02-24,점검,낮음,2023-01-13,1.0
AS000322,CUST000079,2024-01-24,수리,낮음,2023-01-24,
AS000323,CUST002470,2024-12-23,기술상담,중간,2023-01-29,5.0
AS000324,CUST002688,2023-10-21,수리,낮음,,1.0
AS000325,CUST002230,2023-07-02,수리,중간,2023-01-27,2.0
AS000326,CUST000780,2023-10-13,점검,높음,2023-01-06,
AS000327,CUST003961,2023-05-24,점검,높음,2023-01-31,5.0
AS000328,CUST002651,2024-08-01,기술상담,중간,,5.0
AS000329,CUST004384,2023-11-20,폐기,낮음,2023-01-17,2.0
AS000330,CUST004329,2024-02-28,폐기,낮음,2023-01-05,1.0
AS000331,CUST004138,2023-08-20,설치,긴급,,2.0
AS000332,CUST003599,2023-07-12,수리,높음,2023-01-25,
AS000333,CUST001576,2023-10-07,폐기,중간,2023-01-24,
AS000334,CUST005000,2023-07-24,수리,긴급,2023-01-19,2.0
AS000335,CUST000491,2023-07-01,점검,중간,,
AS000336,CUST001640,2023-10-30,기술상담,높음,2023-01-10,1.0
AS000337,CUST004751,2023-09-23,수리,중간,2023-01-03,2.0
AS000338,CUST004769,2024-12-15,설치,중간,2023-01-16,
AS000339,CUST003388,2024-03-26,수리,중간,2023-01-15,
AS000340,CUST000933,2023-09-28,기술상담,낮음,2023-01-07,1.0
AS000341,CUST002539,2023-04-05,폐기,낮음,2023-01-16,4.0
AS000342,CUST004294,2024-05-16,수리,낮음,2023-01-03,1.0
AS000343,CUST002309,2023-12-30,수리,낮음,,
AS000344,CUST002896,2024-08-15,설치,긴급,2023-01-24,4.0
AS000345,CUST003720,2024-01-08,설치,중간,2023-01-23,5.0
AS000346,CUST004077,2023-12-24,수리,중간,2023-01-25,4.0
AS000347,CUST002367,2024-10-19,설치,낮음,2023-01-10,2.0
AS000348,CUST000269,2024-06-19,점검,낮음,,3.0
AS000349,CUST000832,2024-04-05,수리,중간,2023-01-24,2.0
AS000350,CUST001427,2024-10-08,설치,중간,2023-01-15,3.0
AS000351,CUST004772,2024-12-04,폐기,긴급,2023-01-06,3.0
AS000352,CUST001841,2023-06-24,기술상담,낮음,,4.0
AS000353,CUST000404,2023-02-07,설치,낮음,2023-01-16,1.0
AS000354,CUST004878,2024-08-22,폐기,중간,2023-01-24,
AS000355,CUST002267,2024-01-30,폐기,중간,2023-01-12,2.0
AS000356,CUST004523,2023-06-09,기술상담,높음,2023-01-27,3.0
AS000357,CUST001645,2024-07-04,점검,긴급,,3.0
AS000358,CUST000569,2024-08-05,폐기,높음,,1.0
AS000359,CUST003490,2023-08-04,점검,중간,2023-01-19,5.0
AS000360,CUST001800,2024-12-20,점검,낮음,,4.0
AS000361,CUST003079,2024-03-20,수리,낮음,2023-01-29,2.0
AS000362,CUST001217,2023-12-22,설치,중간,2023-01-21,3.0
AS000363,CUST002422,2024-10-23,설치,긴급,2023-01-26,
AS000364,CUST002115,2024-11-29,설치,중간,2023-01-05,
AS000365,CUST003328,2023-10-23,수리,낮음,,4.0
AS000366,CUST000150,2023-08-01,수리,중간,2023-01-04,2.0
AS000367,CUST000655,2023-12-17,폐기,중간,2023-01-25,2.0
AS000368,CUST002096,2024-12-17,폐기,중간,2023-01-08,4.0
AS000369,CUST001038,2024-05-30,설치,높음,2023-01-21,5.0
AS000370,CUST004238,2024-07-18,수리,긴급,,2.0
AS000371,CUST003451,2023-10-03,점검,긴급,,3.0
AS000372,CUST003856,2023-04-03,설치,낮음,,1.0
AS000373,CUST003100,2024-06-09,폐기,중간,2023-01-31,5.0
AS000374,CUST001782,2023-08-04,폐기,높음,2023-01-05,
AS000375,CUST000277,2023-09-22,수리,낮음,2023-01-05,
AS000376,CUST003611,2023-08-12,기술상담,중간,,5.0
AS000377,CUST000329,2024-04-23,수리,중간,2023-01-23,
AS000378,CUST002035,2023-09-25,점검,낮음,2023-01-15,3.0
AS000379,CUST004957,2023-02-02,기술상담,낮음,2023-01-17,2.0
AS000380,CUST003770,2023-04-29,기술상담,높음,2023-01-12,
AS000381,CUST000040,2024-06-13,폐기,중간,2023-01-11,5.0
AS000382,CUST003279,2024-11-05,설치,중간,2023-01-24,
AS000383,CUST003919,2024-10-08,점검,중간,2023-01-10,5.0
AS000384,CUST001559,2023-07-10,폐기,낮음,2023-01-07,
AS000385,CUST000234,2024-05-01,기술상담,낮음,2023-01-08,5.0
AS000386,CUST004963,2023-05-24,기술상담,높음,2023-01-22,1.0
AS000387,CUST003391,2024-04-23,기술상담,높음,2023-01-12,5.0
AS000388,CUST003279,2024-08-23,점검,높음,2023-01-05,3.0
AS000389,CUST001313,2023-11-27,폐기,높음,2023-01-02,2.0
AS000390,CUST003937,2024-01-17,점검,낮음,,3.0
AS000391,CUST000926,2024-07-31,점검,낮음,2023-01-19,
AS000392,CUST000256,2024-01-22,수리,낮음,2023-01-13,3.0
AS000393,CUST000687,2024-11-05,폐기,중간,2023-01-02,4.0
AS000394,CUST003080,2024-08-25,점검,중간,,5.0
AS000395,CUST004046,2023-02-04,수리,높음,2023-01-02,3.0
AS000396,CUST003947,2023-11-27,설치,낮음,2023-01-11,4.0
AS000397,CUST000257,2024-12-19,수리,중간,2023-01-30,2.0
AS000398,CUST002917,2023-04-18,기술상담,긴급,2023-01-13,3.0
AS000399,CUST002211,2024-10-06,점검,중간,,2.0
AS000400,CUST002613,2024-01-03,점검,높음,,4.0
AS000401,CUST004403,2023-01-09,수리,높음,2023-01-21,5.0
AS000402,CUST002551,2023-06-12,폐기,중간,2023-01-19,1.0
AS000403,CUST001401,2024-03-07,점검,중간,2023-01-13,2.0
AS000404,CUST003256,2024-05-01,점검,중간,2023-01-23,1.0
AS000405,CUST000220,2023-12-09,폐기,중간,,4.0
AS000406,CUST002727,2023-12-11,폐기,높음,2023-01-20,1.0
AS000407,CUST002021,2024-10-25,점검,높음,2023-01-16,5.0
AS000408,CUST004648,2023-04-13,기술상담,중간,2023-01-30,2.0
AS000409,CUST004271,2023-07-11,수리,중간,,2.0
AS000410,CUST004038,2024-01-02,기술상담,높음,2023-01-28,1.0
AS000411,CUST000345,2023-11-10,폐기,중간,,1.0
AS000412,CUST004594,2023-06-16,설치,낮음,2023-01-03,
AS000413,CUST004683,2024-04-23,폐기,긴급,,3.0
AS000414,CUST002450,2024-07-13,점검,높음,,4.0
AS000415,CUST000955,2023-07-10,설치,중간,,
AS000416,CUST004527,2023-01-23,기술상담,중간,2023-01-31,2.0
AS000417,CUST003500,2024-03-25,기술상담,긴급,2023-01-11,1.0
AS000418,CUST000905,2024-09-23,수리,중간,2023-01-23,
AS000419,CUST000728,2024-04-12,폐기,긴급,2023-01-18,
AS000420,CUST000437,2024-08-30,폐기,높음,2023-01-05,2.0
AS000421,CUST004797,2024-08-12,기술상담,중간,2023-01-21,3.0
AS000422,CUST000133,2024-12-12,기술상담,높음,2023-01-21,1.0
AS000423,CUST002780,2024-03-21,폐기,낮음,,
AS000424,CUST004994,2024-02-13,폐기,높음,,2.0
AS000425,CUST004155,2024-04-29,설치,낮음,,
AS000426,CUST000727,2023-09-07,폐기,높음,2023-01-14,
AS000427,CUST000258,2023-09-16,점검,낮음,,5.0
AS000428,CUST001503,2024-01-18,설치,중간,,5.0
AS000429,CUST003341,2024-09-07,기술상담,중간,2023-01-04,4.0
AS000430,CUST002253,2023-12-12,수리,중간,2023-01-13,3.0
AS000431,CUST000022,2024-05-09,설치,낮음,2023-01-28,
AS000432,CUST002952,2024-11-25,폐기,높음,2023-01-27,2.0
AS000433,CUST000347,2024-02-15,설치,낮음,2023-01-13,1.0
AS000434,CUST003432,2023-11-04,설치,중간,2023-01-31,
AS000435,CUST004587,2023-02-11,설치,높음,2023-01-28,3.0
AS000436,CUST001410,2023-08-28,수리,중간,,2.0
AS000437,CUST002168,2024-06-03,수리,중간,2023-01-28,1.0
AS000438,CUST004785,2023-04-21,설치,낮음,2023-01-29,
AS000439,CUST001905,2024-03-07,설치,높음,2023-01-23,2.0
AS000440,CUST003778,2024-03-12,점검,중간,2023-01-31,3.0
AS000441,CUST002231,2023-10-03,폐기,낮음,2023-01-20,4.0
AS000442,CUST001716,2024-08-14,점검,높음,2023-01-18,2.0
AS000443,CUST000298,2024-02-15,설치,긴급,2023-01-19,2.0
AS000444,CUST001662,2024-08-30,기술상담,높음,2023-01-11,3.0
AS000445,CUST001424,2023-01-30,설치,높음,2023-01-16,
AS000446,CUST000942,2023-06-17,점검,중간,,1.0
AS000447,CUST004747,2024-06-08,폐기,중간,2023-01-22,
AS000448,CUST004627,2023-06-20,설치,낮음,2023-01-15,4.0
AS000449,CUST002535,2023-11-04,점검,높음,2023-01-17,3.0
AS000450,CUST003069,2024-09-03,수리,높음,2023-01-05,2.0
AS000451,CUST000502,2024-12-15,폐기,낮음,2023-01-17,4.0
AS000452,CUST001297,2024-06-20,수리,중간,2023-01-11,2.0
AS000453,CUST001205,2023-07-23,기술상담,중간,2023-01-27,2.0
AS000454,CUST004972,2024-08-04,점검,높음,,4.0
AS000455,CUST003376,2023-05-23,기술상담,중간,,2.0
AS000456,CUST000217,2023-05-14,설치,중간,2023-01-18,5.0
AS000457,CUST000536,2024-11-10,기술상담,중간,,
AS000458,CUST002705,2023-12-08,수리,중간,2023-01-04,
AS000459,CUST004685,2023-02-25,기술상담,긴급,2023-01-20,5.0
AS000460,CUST004759,2023-04-03,수리,높음,2023-01-20,
AS000461,CUST002830,2023-11-13,폐기,낮음,2023-01-22,
AS000462,CUST003612,2023-05-25,기술상담,중간,2023-01-03,
AS000463,CUST001219,2023-12-21,점검,중간,2023-01-03,
AS000464,CUST004070,2024-04-14,수리,낮음,,5.0
AS000465,CUST003357,2024-02-10,점검,중간,2023-01-13,5.0
AS000466,CUST001549,2023-06-19,점검,중간,,4.0
AS000467,CUST002554,2024-04-16,설치,높음,2023-01-28,5.0
AS000468,CUST001888,2023-01-01,기술상담,중간,2023-01-15,
AS000469,CUST001730,2024-11-05,기술상담,긴급,2023-01-18,3.0
AS000470,CUST000872,2023-06-01,설치,낮음,,2.0
AS000471,CUST000115,2023-07-25,기술상담,중간,2023-01-23,
AS000472,CUST002676,2023-06-26,설치,중간,2023-01-31,
AS000473,CUST000182,2023-11-05,점검,중간,2023-01-16,
AS000474,CUST004549,2023-11-11,점검,중간,,3.0
AS000475,CUST004009,2023-03-24,설치,중간,,5.0
AS000476,CUST001420,2023-07-09,기술상담,높음,2023-01-04,1.0
AS000477,CUST003645,2023-08-30,기술상담,중간,2023-01-17,
AS000478,CUST004183,2023-07-28,점검,중간,2023-01-22,2.0
AS000479,CUST003702,2024-03-23,설치,중간,2023-01-03,
AS000480,CUST003844,2023-04-03,점검,낮음,,5.0
AS000481,CUST001411,2023-09-08,폐기,중간,2023-01-24,
AS000482,CUST000096,2023-06-07,수리,낮음,2023-01-11,4.0
AS000483,CUST004933,2024-12-02,기술상담,중간,2023-01-09,5.0
AS000484,CUST004348,2024-07-22,설치,중간,2023-01-31,
AS000485,CUST002267,2024-01-19,폐기,중간,,
AS000486,CUST003609,2023-01-06,폐기,중간,,2.0
AS000487,CUST002459,2024-05-03,폐기,긴급,,2.0
AS000488,CUST000360,2023-06-13,기술상담,낮음,,
AS000489,CUST000717,2023-12-19,점검,높음,2023-01-28,1.0
AS000490,CUST002621,2023-04-13,설치,높음,2023-01-06,5.0
AS000491,CUST000035,2024-04-27,폐기,중간,2023-01-09,1.0
AS000492,CUST001039,2024-07-17,수리,긴급,2023-01-10,5.0
AS000493,CUST001243,2024-12-04,점검,낮음,,5.0
AS000494,CUST001629,2024-02-08,기술상담,높음,2023-01-20,3.0
AS000495,CUST004461,2024-12-16,설치,중간,2023-01-30,5.0
AS000496,CUST000940,2023-08-06,수리,낮음,2023-01-08,2.0
AS000497,CUST001656,2024-04-28,기술상담,중간,,4.0
AS000498,CUST001993,2024-11-15,점검,중간,2023-01-31,
AS000499,CUST004283,2024-01-21,기술상담,중간,2023-01-24,2.0
AS000500,CUST001342,2024-04-19,수리,긴급,2023-01-28,1.0
AS000501,CUST001563,2024-12-24,설치,중간,2023-01-10,5.0
AS000502,CUST004471,2023-09-06,수리,낮음,,4.0
AS000503,CUST002812,2023-04-09,폐기,높음,2023-01-26,
AS000504,CUST001298,2024-02-01,기술상담,높음,2023-01-21,3.0
AS000505,CUST004250,2023-05-12,기술상담,낮음,2023-01-24,3.0
AS000506,CUST000655,2023-11-22,폐기,낮음,2023-01-24,
AS000507,CUST002235,2023-05-17,설치,중간,,1.0
AS000508,CUST003538,2024-02-14,수리,중간,2023-01-24,
AS000509,CUST003030,2023-12-01,폐기,높음,2023-01-22,
AS000510,CUST000201,2023-10-17,폐기,중간,2023-01-07,
AS000511,CUST003939,2024-11-21,설치,긴급,,1.0
AS000512,CUST001336,2024-03-10,기술상담,중간,2023-01-07,2.0
AS000513,CUST003176,2024-09-03,수리,긴급,2023-01-07,
AS000514,CUST000518,2024-02-08,기술상담,낮음,,
AS000515,CUST000633,2024-06-30,수리,높음,2023-01-23,1.0
AS000516,CUST000039,2023-03-15,기술상담,낮음,2023-01-24,4.0
AS000517,CUST002411,2023-12-22,수리,높음,2023-01-19,
AS000518,CUST002671,2024-05-15,설치,높음,2023-01-29,5.0
AS000519,CUST001413,2024-11-16,기술상담,낮음,2023-01-05,1.0
AS000520,CUST000229,2024-08-23,기술상담,긴급,,
AS000521,CUST001306,2023-01-28,수리,중간,2023-01-30,
AS000522,CUST003736,2023-08-16,설치,긴급,,2.0
AS000523,CUST003200,2024-09-15,폐기,낮음,,
AS000524,CUST000983,2023-07-02,점검,중간,2023-01-17,1.0
AS000525,CUST004146,2023-08-29,기술상담,높음,2023-01-18,
AS000526,CUST003605,2024-01-13,점검,높음,,3.0
AS000527,CUST002608,2024-01-06,기술상담,낮음,2023-01-05,
AS000528,CUST002139,2023-12-15,점검,중간,2023-01-03,1.0
AS000529,CUST004161,2024-05-28,수리,중간,,2.0
AS000530,CUST002286,2023-01-02,기술상담,높음,2023-01-26,5.0
AS000531,CUST001089,2024-09-17,수리,높음,2023-01-04,3.0
AS000532,CUST003601,2024-09-05,수리,높음,2023-01-21,1.0
AS000533,CUST000849,2024-02-12,폐기,중간,2023-01-25,3.0
AS000534,CUST002234,2023-03-21,설치,낮음,2023-01-21,1.0
AS000535,CUST000518,2024-10-23,기술상담,낮음,,4.0
AS000536,CUST000171,2023-08-24,폐기,높음,2023-01-18,4.0
AS000537,CUST002031,2023-05-22,기술상담,높음,,1.0
AS000538,CUST004494,2024-05-26,수리,중간,2023-01-08,1.0
AS000539,CUST001533,2023-07-12,폐기,낮음,2023-01-03,2.0
AS000540,CUST002013,2023-02-15,설치,낮음,2023-01-06,3.0
AS000541,CUST000308,2023-08-05,기술상담,낮음,2023-01-10,5.0
AS000542,CUST000437,2023-11-06,폐기,낮음,,2.0
AS000543,CUST003985,2024-03-21,기술상담,중간,2023-01-08,5.0
AS000544,CUST000733,2023-04-06,수리,중간,,4.0
AS000545,CUST004944,2023-12-14,점검,중간,2023-01-14,3.0
AS000546,CUST004237,2024-01-29,설치,낮음,2023-01-11,3.0
AS000547,CUST002733,2024-10-31,점검,긴급,2023-01-09,1.0
AS000548,CUST002310,2023-07-04,설치,낮음,2023-01-08,2.0
AS000549,CUST002896,2024-03-11,폐기,낮음,2023-01-25,
AS000550,CUST004782,2023-06-04,수리,긴급,2023-01-29,1.0
AS000551,CUST003477,2023-10-19,기술상담,낮음,2023-01-28,1.0
AS000552,CUST004665,2023-11-15,기술상담,중간,2023-01-18,1.0
AS000553,CUST004002,2024-02-01,기술상담,중간,2023-01-07,2.0
AS000554,CUST002672,2024-11-22,기술상담,긴급,2023-01-12,5.0
AS000555,CUST002462,2024-05-07,폐기,중간,2023-01-23,5.0
AS000556,CUST003898,2023-02-05,점검,높음,2023-01-18,1.0
AS000557,CUST002256,2023-09-25,점검,중간,2023-01-21,
AS000558,CUST001631,2024-03-07,폐기,중간,2023-01-25,
AS000559,CUST000916,2023-07-03,기술상담,중간,,
AS000560,CUST004492,2023-06-17,폐기,높음,2023-01-06,
AS000561,CUST002630,2024-02-12,설치,높음,,2.0
AS000562,CUST003016,2024-11-29,기술상담,중간,2023-01-02,3.0
AS000563,CUST002998,2024-06-13,기술상담,낮음,2023-01-20,
AS000564,CUST002506,2023-04-19,폐기,낮음,2023-01-14,
AS000565,CUST000428,2024-04-21,수리,낮음,,
AS000566,CUST003542,2023-03-26,설치,높음,2023-01-09,5.0
AS000567,CUST002990,2023-12-21,점검,높음,,5.0
AS000568,CUST004899,2024-12-03,수리,중간,2023-01-19,
AS000569,CUST004247,2023-04-14,수리,높음,2023-01-22,
AS000570,CUST003331,2024-11-02,설치,높음,,3.0
AS000571,CUST001559,2024-02-19,설치,낮음,2023-01-20,
AS000572,CUST002298,2023-01-13,점검,낮음,2023-01-11,5.0
AS000573,CUST003156,2023-06-14,점검,낮음,2023-01-14,
AS000574,CUST002659,2023-11-23,점검,중간,2023-01-25,2.0
AS000575,CUST000771,2023-05-12,점검,높음,2023-01-17,4.0
AS000576,CUST000601,2024-08-11,폐기,중간,2023-01-13,
AS000577,CUST002907,2024-06-03,점검,낮음,,1.0
AS000578,CUST002401,2024-01-29,설치,긴급,2023-01-17,2.0
AS000579,CUST002322,2024-12-03,폐기,중간,,1.0
AS000580,CUST000028,2024-04-10,기술상담,중간,2023-01-19,4.0
AS000581,CUST001232,2023-01-12,점검,중간,,3.0
AS000582,CUST000056,2024-05-12,설치,중간,2023-01-11,
AS000583,CUST001200,2024-10-31,설치,높음,2023-01-07,3.0
AS000584,CUST001792,2024-11-17,점검,중간,,2.0
AS000585,CUST000600,2024-02-16,설치,낮음,2023-01-10,4.0
AS000586,CUST002630,2024-03-08,점검,낮음,,
AS000587,CUST004209,2023-02-25,점검,중간,2023-01-02,5.0
AS000588,CUST000562,2023-11-07,수리,낮음,2023-01-11,1.0
AS000589,CUST000348,2024-03-11,폐기,높음,2023-01-16,3.0
AS000590,CUST001452,2023-09-22,폐기,낮음,2023-01-30,1.0
AS000591,CUST004949,2024-10-11,기술상담,중간,2023-01-09,
AS000592,CUST002926,2023-04-29,설치,낮음,,4.0
AS000593,CUST000973,2024-09-10,점검,높음,2023-01-22,3.0
AS000594,CUST001803,2024-04-06,점검,낮음,2023-01-14,
AS000595,CUST002187,2024-05-29,수리,긴급,2023-01-15,
AS000596,CUST001891,2024-01-17,설치,중간,2023-01-16,4.0
AS000597,CUST002101,2024-04-29,기술상담,중간,2023-01-14,
AS000598,CUST004670,2024-12-30,점검,낮음,2023-01-12,
AS000599,CUST001755,2023-12-10,설치,높음,2023-01-14,5.0
AS000600,CUST003112,2024-07-01,폐기,중간,2023-01-18,3.0
AS000601,CUST004407,2024-01-09,폐기,낮음,2023-01-08,1.0
AS000602,CUST000046,2023-04-25,기술상담,중간,2023-01-20,4.0
AS000603,CUST001613,2023-07-03,점검,중간,2023-01-29,4.0
AS000604,CUST001885,2024-03-10,수리,긴급,2023-01-27,
AS000605,CUST004824,2024-06-28,기술상담,중간,2023-01-30,
AS000606,CUST000397,2024-01-28,폐기,낮음,2023-01-29,5.0
AS000607,CUST002034,2024-11-21,기술상담,중간,,1.0
AS000608,CUST004119,2023-03-23,수리,중간,2023-01-22,
AS000609,CUST003602,2023-06-03,점검,낮음,2023-01-14,
AS000610,CUST002891,2023-01-08,설치,중간,2023-01-05,5.0
AS000611,CUST001935,2023-12-12,폐기,높음,2023-01-16,5.0
AS000612,CUST002272,2024-12-25,설치,낮음,2023-01-28,3.0
AS000613,CUST003116,2024-08-27,설치,낮음,,2.0
AS000614,CUST000032,2023-09-22,설치,중간,,1.0
AS000615,CUST004549,2023-07-22,설치,중간,2023-01-08,3.0
AS000616,CUST001737,2024-06-11,수리,낮음,2023-01-19,1.0
AS000617,CUST004406,2024-09-21,설치,높음,,
AS000618,CUST002000,2024-04-10,점검,낮음,2023-01-31,2.0
AS000619,CUST003847,2024-03-21,점검,높음,2023-01-07,
AS000620,CUST002082,2023-02-19,수리,중간,,3.0
AS000621,CUST000956,2024-04-20,수리,낮음,2023-01-08,5.0
AS000622,CUST003029,2023-10-16,폐기,중간,2023-01-23,3.0
AS000623,CUST004498,2023-02-10,수리,중간,2023-01-25,
AS000624,CUST003512,2023-05-05,수리,중간,2023-01-26,2.0
AS000625,CUST000691,2024-05-16,폐기,낮음,2023-01-14,
AS000626,CUST002932,2024-04-16,수리,낮음,2023-01-27,
AS000627,CUST002780,2024-01-11,기술상담,긴급,2023-01-15,5.0
AS000628,CUST000683,2023-02-21,점검,낮음,2023-01-09,4.0
AS000629,CUST002388,2024-09-05,수리,높음,,
AS000630,CUST003483,2024-12-03,수리,높음,2023-01-31,
AS000631,CUST004961,2024-01-14,폐기,중간,2023-01-21,5.0
AS000632,CUST000122,2023-09-16,점검,높음,,
AS000633,CUST004319,2024-03-11,점검,낮음,2023-01-25,1.0
AS000634,CUST001690,2023-12-12,기술상담,낮음,2023-01-03,2.0
AS000635,CUST001995,2024-11-22,기술상담,높음,2023-01-27,2.0
AS000636,CUST001537,2023-10-31,수리,낮음,2023-01-02,3.0
AS000637,CUST001675,2023-01-25,수리,낮음,2023-01-29,
AS000638,CUST004072,2024-07-09,점검,중간,,4.0
AS000639,CUST001597,2023-10-01,폐기,높음,2023-01-04,
AS000640,CUST004451,2023-07-03,기술상담,중간,2023-01-30,
AS000641,CUST001132,2023-10-28,점검,중간,2023-01-25,
AS000642,CUST004820,2024-01-01,설치,중간,2023-01-08,
AS000643,CUST002804,2024-03-03,기술상담,긴급,2023-01-04,5.0
AS000644,CUST002827,2023-01-18,폐기,낮음,2023-01-31,3.0
AS000645,CUST002902,2024-04-02,기술상담,중간,2023-01-30,
AS000646,CUST002721,2023-11-29,기술상담,높음,,5.0
AS000647,CUST004522,2023-11-01,폐기,높음,2023-01-24,
AS000648,CUST001028,2024-10-13,설치,낮음,2023-01-11,
AS000649,CUST002971,2023-02-06,점검,중간,2023-01-19,
AS000650,CUST002424,2024-09-02,설치,낮음,2023-01-30,1.0
AS000651,CUST000991,2023-04-25,점검,낮음,2023-01-15,2.0
AS000652,CUST002025,2024-01-01,수리,중간,2023-01-31,1.0
AS000653,CUST001420,2023-02-07,기술상담,중간,2023-01-07,
AS000654,CUST001839,2024-06-28,폐기,낮음,2023-01-22,1.0
AS000655,CUST002996,2024-02-10,설치,높음,2023-01-10,4.0
AS000656,CUST001670,2023-09-12,폐기,낮음,2023-01-30,2.0
AS000657,CUST000516,2023-06-29,설치,긴급,2023-01-05,
AS000658,CUST000372,2023-03-28,점검,중간,2023-01-06,1.0
AS000659,CUST004292,2024-07-01,수리,낮음,,4.0
AS000660,CUST002212,2023-04-07,폐기,중간,2023-01-03,4.0
AS000661,CUST001621,2023-05-10,설치,중간,2023-01-14,3.0
AS000662,CUST001094,2023-05-29,설치,낮음,2023-01-17,
AS000663,CUST001441,2024-10-10,점검,긴급,2023-01-02,4.0
AS000664,CUST000264,2024-05-20,폐기,중간,2023-01-28,
AS000665,CUST003107,2024-03-17,기술상담,낮음,2023-01-16,
AS000666,CUST002061,2023-10-09,설치,높음,2023-01-07,4.0
AS000667,CUST001826,2023-12-20,점검,낮음,2023-01-02,3.0
AS000668,CUST002559,2024-04-14,수리,높음,,1.0
AS000669,CUST004043,2024-12-06,점검,낮음,,5.0
AS000670,CUST000788,2024-09-24,수리,긴급,2023-01-30,1.0
AS000671,CUST000557,2023-09-07,기술상담,중간,2023-01-04,
AS000672,CUST002372,2024-06-20,기술상담,낮음,,5.0
AS000673,CUST001184,2024-08-05,폐기,긴급,2023-01-06,5.0
AS000674,CUST000504,2024-04-14,기술상담,중간,2023-01-23,2.0
AS000675,CUST001265,2023-02-11,설치,중간,2023-01-06,4.0
AS000676,CUST001705,2023-03-20,기술상담,높음,2023-01-31,1.0
AS000677,CUST001973,2023-12-01,설치,중간,,4.0
AS000678,CUST002956,2024-01-17,설치,중간,2023-01-22,2.0
AS000679,CUST001680,2023-02-09,기술상담,낮음,2023-01-24,
AS000680,CUST000440,2023-05-31,폐기,긴급,,5.0
AS000681,CUST001805,2024-09-15,점검,높음,,2.0
AS000682,CUST004629,2024-10-15,설치,중간,2023-01-27,3.0
AS000683,CUST000519,2023-04-14,기술상담,높음,2023-01-21,1.0
AS000684,CUST004500,2024-01-27,점검,긴급,,1.0
AS000685,CUST002592,2024-06-08,폐기,중간,2023-01-07,3.0
AS000686,CUST000950,2023-03-22,폐기,중간,2023-01-10,5.0
AS000687,CUST003797,2023-12-12,점검,높음,2023-01-10,1.0
AS000688,CUST001602,2024-10-14,수리,긴급,,
AS000689,CUST004598,2023-11-06,수리,긴급,,3.0
AS000690,CUST003761,2024-03-08,설치,중간,2023-01-12,4.0
AS000691,CUST002002,2024-02-15,수리,중간,,1.0
AS000692,CUST000560,2023-01-23,설치,높음,2023-01-09,1.0
AS000693,CUST002085,2023-07-08,폐기,중간,2023-01-10,2.0
AS000694,CUST001345,2023-09-21,기술상담,긴급,2023-01-15,1.0
AS000695,CUST004579,2024-10-30,점검,낮음,2023-01-10,
AS000696,CUST004086,2023-03-23,점검,낮음,2023-01-26,
AS000697,CUST000446,2024-03-19,점검,긴급,2023-01-23,
AS000698,CUST004563,2023-04-30,폐기,높음,2023-01-19,2.0
AS000699,CUST000847,2023-07-16,기술상담,낮음,2023-01-29,4.0
AS000700,CUST001928,2024-08-07,점검,높음,,
AS000701,CUST001766,2023-09-25,설치,중간,2023-01-25,1.0
AS000702,CUST004666,2023-11-07,폐기,중간,2023-01-11,4.0
AS000703,CUST002076,2024-09-22,설치,긴급,2023-01-30,2.0
AS000704,CUST002929,2024-06-10,설치,높음,2023-01-14,2.0
AS000705,CUST004657,2024-07-06,기술상담,중간,2023-01-23,
AS000706,CUST001601,2023-09-07,수리,낮음,2023-01-14,3.0
AS000707,CUST002971,2024-12-11,수리,긴급,2023-01-27,4.0
AS000708,CUST002242,2023-02-20,기술상담,중간,2023-01-27,2.0
AS000709,CUST002152,2024-01-19,수리,낮음,2023-01-24,1.0
AS000710,CUST001456,2024-08-10,기술상담,중간,2023-01-13,4.0
AS000711,CUST001171,2024-04-29,설치,낮음,2023-01-19,5.0
AS000712,CUST000317,2023-08-09,점검,중간,2023-01-11,2.0
AS000713,CUST001603,2024-03-23,설치,중간,2023-01-31,5.0
AS000714,CUST001802,2023-10-09,수리,중간,2023-01-23,
AS000715,CUST003033,2024-12-06,점검,높음,2023-01-23,1.0
AS000716,CUST002111,2023-07-10,설치,긴급,,3.0
AS000717,CUST003753,2023-10-11,수리,낮음,,
AS000718,CUST003337,2024-05-28,수리,높음,,5.0
AS000719,CUST000932,2024-11-18,수리,낮음,2023-01-06,
AS000720,CUST002920,2023-02-16,기술상담,중간,,
AS000721,CUST002957,2024-09-11,설치,중간,2023-01-04,2.0
AS000722,CUST002897,2024-02-13,기술상담,높음,2023-01-04,5.0
AS000723,CUST003841,2023-07-05,설치,긴급,2023-01-27,
AS000724,CUST004223,2024-11-25,점검,긴급,2023-01-04,4.0
AS000725,CUST004231,2023-10-19,폐기,낮음,,2.0
AS000726,CUST003744,2023-10-07,폐기,긴급,2023-01-02,5.0
AS000727,CUST002786,2023-01-06,설치,중간,2023-01-12,
AS000728,CUST002877,2024-02-21,수리,높음,,3.0
AS000729,CUST004592,2023-08-01,폐기,중간,2023-01-06,1.0
AS000730,CUST001122,2023-01-20,설치,중간,2023-01-29,1.0
AS000731,CUST004491,2024-02-29,점검,높음,,5.0
AS000732,CUST004059,2024-11-03,수리,낮음,2023-01-12,1.0
AS000733,CUST002097,2023-05-13,기술상담,중간,,
AS000734,CUST004593,2023-10-09,폐기,중간,2023-01-05,2.0
AS000735,CUST001369,2023-10-01,설치,긴급,2023-01-06,
AS000736,CUST004460,2024-04-18,폐기,중간,2023-01-25,
AS000737,CUST004271,2024-09-05,설치,긴급,,3.0
AS000738,CUST001977,2024-10-12,점검,중간,2023-01-24,2.0
AS000739,CUST003622,2023-11-22,점검,높음,,5.0
AS000740,CUST003734,2023-04-10,설치,중간,2023-01-27,
AS000741,CUST004553,2023-08-15,설치,중간,2023-01-08,4.0
AS000742,CUST002697,2023-08-19,기술상담,높음,2023-01-04,
AS000743,CUST000955,2023-01-19,폐기,높음,2023-01-22,4.0
AS000744,CUST002300,2024-12-27,점검,중간,2023-01-17,
AS000745,CUST001012,2023-11-29,점검,긴급,,5.0
AS000746,CUST004684,2023-08-15,설치,낮음,2023-01-17,5.0
AS000747,CUST001288,2023-03-07,점검,낮음,2023-01-07,
AS000748,CUST004139,2024-09-18,점검,낮음,2023-01-25,4.0
AS000749,CUST000916,2023-10-22,기술상담,중간,2023-01-29,5.0
AS000750,CUST000036,2024-12-30,점검,낮음,,5.0
AS000751,CUST003202,2024-09-15,점검,중간,2023-01-18,
AS000752,CUST004627,2024-04-16,기술상담,중간,2023-01-07,5.0
AS000753,CUST000717,2024-08-25,폐기,중간,,3.0
AS000754,CUST001722,2024-03-06,기술상담,높음,2023-01-30,3.0
AS000755,CUST000615,2024-10-12,설치,낮음,2023-01-08,5.0
AS000756,CUST001261,2024-09-01,설치,높음,2023-01-24,
AS000757,CUST004458,2023-12-03,점검,중간,,2.0
AS000758,CUST001618,2024-07-08,수리,중간,2023-01-29,
AS000759,CUST001948,2024-02-03,점검,낮음,2023-01-09,
AS000760,CUST002362,2024-05-02,수리,중간,2023-01-22,2.0
AS000761,CUST001351,2024-07-25,기술상담,낮음,,2.0
AS000762,CUST000976,2023-01-13,기술상담,중간,2023-01-15,
AS000763,CUST001078,2023-12-18,설치,높음,2023-01-11,5.0
AS000764,CUST002904,2023-12-15,수리,낮음,2023-01-10,1.0
AS000765,CUST001495,2023-11-24,설치,중간,,1.0
AS000766,CUST003151,2023-12-21,설치,낮음,2023-01-18,
AS000767,CUST000296,2024-03-31,기술상담,중간,2023-01-30,4.0
AS000768,CUST004695,2023-06-05,설치,낮음,,4.0
AS000769,CUST001409,2024-04-18,폐기,높음,2023-01-26,
AS000770,CUST002472,2024-05-25,점검,중간,2023-01-03,
AS000771,CUST002336,2023-08-04,점검,높음,2023-01-13,4.0
AS000772,CUST000310,2024-06-29,폐기,낮음,,2.0
AS000773,CUST001841,2024-12-15,수리,높음,2023-01-26,2.0
AS000774,CUST002506,2023-06-24,기술상담,높음,,2.0
AS000775,CUST002780,2024-11-20,수리,낮음,2023-01-26,5.0
AS000776,CUST003904,2024-02-04,설치,중간,,
AS000777,CUST002712,2023-09-19,기술상담,높음,2023-01-25,5.0
AS000778,CUST004597,2024-02-17,설치,중간,2023-01-12,5.0
AS000779,CUST000837,2023-02-03,설치,긴급,2023-01-31,
AS000780,CUST002556,2024-11-07,설치,낮음,,
AS000781,CUST003342,2024-08-08,설치,중간,2023-01-21,
AS000782,CUST002840,2023-03-22,설치,낮음,2023-01-04,
AS000783,CUST000468,2024-10-08,수리,중간,2023-01-25,
AS000784,CUST002995,2024-05-13,점검,중간,,
AS000785,CUST004639,2024-07-28,기술상담,낮음,2023-01-25,
AS000786,CUST001493,2023-12-20,설치,중간,,2.0
AS000787,CUST002032,2023-03-27,수리,낮음,2023-01-11,
AS000788,CUST000173,2023-08-01,점검,낮음,,4.0
AS000789,CUST002748,2024-06-26,기술상담,중간,2023-01-25,5.0
AS000790,CUST003867,2024-01-14,기술상담,낮음,2023-01-20,
AS000791,CUST003385,2023-11-08,기술상담,중간,2023-01-24,
AS000792,CUST002087,2023-10-26,점검,높음,2023-01-16,3.0
AS000793,CUST004546,2023-11-19,점검,높음,,2.0
AS000794,CUST002207,2024-04-07,수리,낮음,2023-01-27,3.0
AS000795,CUST000821,2024-11-21,폐기,중간,,5.0
AS000796,CUST002903,2024-04-23,폐기,중간,,4.0
AS000797,CUST002258,2023-01-31,폐기,낮음,2023-01-30,1.0
AS000798,CUST002150,2023-06-09,점검,높음,2023-01-06,
AS000799,CUST002489,2024-10-01,점검,높음,2023-01-26,5.0
AS000800,CUST001741,2024-08-21,폐기,높음,2023-01-02,4.0
AS000801,CUST004964,2023-06-20,설치,낮음,,2.0
AS000802,CUST002918,2024-10-01,폐기,낮음,,
AS000803,CUST004774,2023-12-27,기술상담,중간,2023-01-29,
AS000804,CUST000721,2024-08-01,기술상담,낮음,2023-01-14,3.0
AS000805,CUST001620,2024-03-17,기술상담,긴급,2023-01-15,
AS000806,CUST002618,2024-03-01,설치,낮음,,
AS000807,CUST002539,2023-01-24,기술상담,낮음,2023-01-07,2.0
AS000808,CUST003331,2023-10-18,폐기,중간,2023-01-07,
AS000809,CUST004407,2024-07-23,설치,중간,2023-01-02,2.0
AS000810,CUST000445,2024-05-17,수리,긴급,2023-01-06,3.0
AS000811,CUST001754,2023-08-29,점검,중간,2023-01-08,
AS000812,CUST000064,2024-01-20,점검,중간,2023-01-14,1.0
AS000813,CUST003430,2024-07-04,설치,낮음,2023-01-28,
AS000814,CUST001615,2023-05-15,폐기,낮음,,
AS000815,CUST001375,2024-01-23,수리,중간,2023-01-09,2.0
AS000816,CUST004659,2024-09-13,설치,긴급,2023-01-21,5.0
AS000817,CUST003576,2023-05-07,기술상담,낮음,2023-01-15,4.0
AS000818,CUST000441,2023-04-10,기술상담,높음,2023-01-29,
AS000819,CUST001820,2024-02-10,기술상담,중간,2023-01-23,1.0
AS000820,CUST004510,2023-08-12,설치,중간,2023-01-05,4.0
AS000821,CUST001377,2023-08-05,폐기,높음,2023-01-12,1.0
AS000822,CUST000511,2023-04-24,기술상담,낮음,2023-01-21,2.0
AS000823,CUST003872,2024-08-07,기술상담,높음,2023-01-09,
AS000824,CUST003749,2023-10-24,수리,중간,2023-01-17,1.0
AS000825,CUST000663,2023-07-02,기술상담,중간,,1.0
AS000826,CUST004063,2023-06-12,기술상담,중간,2023-01-02,1.0
AS000827,CUST002582,2024-02-15,기술상담,중간,,3.0
AS000828,CUST004299,2024-07-17,수리,중간,2023-01-12,5.0
AS000829,CUST000803,2024-02-23,폐기,낮음,2023-01-23,3.0
AS000830,CUST004760,2023-12-27,기술상담,높음,2023-01-21,4.0
AS000831,CUST003771,2023-08-11,설치,낮음,2023-01-06,
AS000832,CUST004770,2024-03-04,수리,중간,2023-01-12,
AS000833,CUST000599,2024-09-05,설치,높음,2023-01-27,5.0
AS000834,CUST000917,2023-10-13,수리,긴급,2023-01-06,
AS000835,CUST001908,2023-11-24,점검,중간,2023-01-17,2.0
AS000836,CUST002005,2024-01-07,기술상담,긴급,2023-01-16,3.0
AS000837,CUST000860,2024-10-07,설치,낮음,2023-01-09,3.0
AS000838,CUST001879,2023-04-19,점검,높음,2023-01-12,4.0
AS000839,CUST000107,2024-11-11,수리,낮음,2023-01-31,5.0
AS000840,CUST003316,2024-12-04,점검,낮음,,2.0
AS000841,CUST003626,2024-10-10,설치,중간,2023-01-31,4.0
AS000842,CUST000866,2024-10-13,수리,중간,,
AS000843,CUST000056,2023-11-22,점검,낮음,2023-01-10,
AS000844,CUST002729,2024-05-29,기술상담,높음,2023-01-20,
AS000845,CUST004513,2024-07-02,폐기,긴급,,2.0
AS000846,CUST002174,2024-06-29,기술상담,낮음,2023-01-30,3.0
AS000847,CUST001137,2024-02-06,점검,낮음,2023-01-12,1.0
AS000848,CUST003652,2023-08-19,폐기,낮음,,
AS000849,CUST002536,2024-02-18,설치,긴급,2023-01-31,4.0
AS000850,CUST003437,2024-05-21,수리,중간,2023-01-20,
AS000851,CUST001376,2024-04-20,수리,중간,2023-01-28,
AS000852,CUST002453,2023-10-21,기술상담,중간,,
AS000853,CUST000048,2024-04-05,설치,높음,2023-01-17,5.0
AS000854,CUST003714,2023-06-10,폐기,중간,,3.0
AS000855,CUST000077,2023-07-01,기술상담,중간,2023-01-30,5.0
AS000856,CUST002452,2024-02-14,점검,높음,2023-01-26,3.0
AS000857,CUST002681,2023-10-23,설치,긴급,2023-01-12,2.0
AS000858,CUST004312,2023-01-04,설치,중간,2023-01-17,4.0
AS000859,CUST003070,2024-06-29,기술상담,중간,2023-01-30,2.0
AS000860,CUST002279,2023-12-09,수리,중간,,
AS000861,CUST000212,2024-04-20,설치,낮음,,2.0
AS000862,CUST004804,2024-11-02,폐기,중간,2023-01-16,4.0
AS000863,CUST002583,2023-06-26,점검,중간,2023-01-08,5.0
AS000864,CUST004383,2024-11-30,수리,높음,,
AS000865,CUST002539,2023-04-11,설치,높음,2023-01-06,2.0
AS000866,CUST000168,2024-01-28,수리,중간,2023-01-26,
AS000867,CUST002393,2024-08-17,설치,중간,2023-01-09,
AS000868,CUST000531,2024-10-30,폐기,낮음,2023-01-02,1.0
AS000869,CUST001498,2024-03-04,폐기,중간,2023-01-28,2.0
AS000870,CUST002995,2024-03-04,점검,높음,2023-01-19,1.0
AS000871,CUST000871,2024-02-25,설치,낮음,2023-01-10,4.0
AS000872,CUST000666,2023-07-13,기술상담,중간,,5.0
AS000873,CUST000563,2024-10-13,수리,낮음,2023-01-12,
AS000874,CUST000004,2023-01-30,기술상담,중간,2023-01-19,4.0
AS000875,CUST003137,2024-09-25,폐기,낮음,2023-01-27,5.0
AS000876,CUST001633,2023-08-18,폐기,중간,2023-01-31,
AS000877,CUST000770,2023-05-22,폐기,긴급,2023-01-05,2.0
AS000878,CUST003100,2024-09-16,폐기,높음,2023-01-03,1.0
AS000879,CUST003245,2024-09-26,폐기,높음,2023-01-08,
AS000880,CUST004898,2024-05-30,수리,높음,2023-01-18,3.0
AS000881,CUST003535,2023-03-24,폐기,높음,2023-01-27,1.0
AS000882,CUST001240,2024-09-05,폐기,낮음,2023-01-24,
AS000883,CUST002053,2024-08-07,설치,낮음,,5.0
AS000884,CUST000803,2024-02-23,수리,중간,2023-01-10,2.0
AS000885,CUST004526,2023-01-24,수리,낮음,2023-01-11,
AS000886,CUST001921,2023-11-29,설치,중간,2023-01-22,1.0
AS000887,CUST001601,2024-09-16,기술상담,중간,2023-01-15,
AS000888,CUST003047,2023-09-13,기술상담,중간,2023-01-16,3.0
AS000889,CUST002130,2023-06-20,설치,중간,,1.0
AS000890,CUST000097,2024-08-05,기술상담,긴급,,2.0
AS000891,CUST001288,2024-10-02,폐기,낮음,2023-01-14,1.0
AS000892,CUST004031,2024-04-28,설치,높음,2023-01-21,5.0
AS000893,CUST000354,2024-12-01,점검,높음,2023-01-12,2.0
AS000894,CUST000668,2023-04-04,폐기,낮음,2023-01-10,
AS000895,CUST001176,2024-01-15,점검,낮음,2023-01-08,
AS000896,CUST002718,2023-01-24,점검,높음,2023-01-16,5.0
AS000897,CUST004118,2024-09-07,폐기,높음,2023-01-20,2.0
AS000898,CUST001888,2024-10-31,기술상담,중간,2023-01-02,2.0
AS000899,CUST000449,2024-02-03,설치,중간,2023-01-29,4.0
AS000900,CUST004999,2024-07-19,폐기,긴급,2023-01-17,
AS000901,CUST000259,2024-06-07,수리,낮음,2023-01-12,2.0
AS000902,CUST004718,2023-07-17,설치,낮음,,2.0
AS000903,CUST003808,2023-06-15,설치,중간,2023-01-02,4.0
AS000904,CUST003692,2024-04-13,설치,낮음,2023-01-22,5.0
AS000905,CUST002856,2024-01-13,수리,낮음,2023-01-07,4.0
AS000906,CUST005000,2023-09-03,수리,중간,2023-01-28,
AS000907,CUST001206,2023-06-29,수리,낮음,,4.0
AS000908,CUST002328,2024-04-28,설치,중간,2023-01-12,4.0
AS000909,CUST003867,2024-12-30,점검,높음,2023-01-20,
AS000910,CUST001656,2023-07-24,수리,높음,2023-01-18,5.0
AS000911,CUST001107,2023-11-27,점검,중간,2023-01-24,1.0
AS000912,CUST001132,2023-05-16,폐기,중간,2023-01-17,
AS000913,CUST001237,2023-10-28,기술상담,중간,2023-01-04,3.0
AS000914,CUST001309,2023-03-08,폐기,낮음,2023-01-05,3.0
AS000915,CUST003281,2023-02-01,폐기,높음,2023-01-24,4.0
AS000916,CUST003432,2023-07-31,폐기,낮음,2023-01-26,
AS000917,CUST004426,2024-08-14,수리,중간,2023-01-13,5.0
AS000918,CUST003522,2024-04-17,기술상담,낮음,2023-01-15,4.0
AS000919,CUST000764,2024-04-15,설치,중간,2023-01-04,1.0
AS000920,CUST001200,2023-09-08,수리,낮음,2023-01-19,1.0
AS000921,CUST003052,2024-12-01,수리,중간,2023-01-15,4.0
AS000922,CUST004090,2024-09-09,수리,높음,2023-01-14,4.0
AS000923,CUST002928,2024-03-30,설치,중간,2023-01-19,2.0
AS000924,CUST000554,2023-09-05,기술상담,낮음,,
AS000925,CUST002524,2023-07-01,점검,중간,,1.0
AS000926,CUST001244,2024-04-17,점검,중간,2023-01-05,2.0
AS000927,CUST004254,2024-05-27,점검,높음,,2.0
AS000928,CUST000492,2024-10-18,수리,낮음,,3.0
AS000929,CUST000126,2023-04-24,수리,높음,2023-01-03,2.0
AS000930,CUST004314,2024-09-10,수리,중간,2023-01-19,4.0
AS000931,CUST004872,2023-12-06,수리,중간,2023-01-22,3.0
AS000932,CUST000416,2023-06-13,점검,긴급,,3.0
AS000933,CUST001868,2023-09-08,수리,중간,2023-01-03,4.0
AS000934,CUST001778,2024-04-18,기술상담,중간,2023-01-26,
AS000935,CUST002124,2023-03-13,점검,낮음,2023-01-06,4.0
AS000936,CUST001103,2023-01-08,폐기,중간,,1.0
AS000937,CUST001003,2023-02-03,점검,중간,2023-01-12,2.0
AS000938,CUST001198,2024-11-29,폐기,긴급,2023-01-26,5.0
AS000939,CUST003901,2024-11-24,점검,중간,2023-01-14,5.0
AS000940,CUST001945,2024-02-21,폐기,낮음,2023-01-26,4.0
AS000941,CUST003661,2024-06-16,수리,긴급,2023-01-02,
AS000942,CUST002644,2024-04-26,폐기,낮음,2023-01-24,
AS000943,CUST001557,2024-01-30,설치,중간,2023-01-04,5.0
AS000944,CUST003999,2023-03-14,설치,낮음,2023-01-20,
AS000945,CUST004116,2024-03-03,수리,중간,2023-01-09,4.0
AS000946,CUST003123,2023-09-24,폐기,긴급,2023-01-02,5.0
AS000947,CUST001414,2024-07-04,설치,낮음,2023-01-04,5.0
AS000948,CUST000700,2023-05-04,기술상담,낮음,2023-01-13,
AS000949,CUST001912,2024-09-13,설치,중간,2023-01-28,
AS000950,CUST004126,2024-10-24,폐기,높음,2023-01-08,1.0
AS000951,CUST004560,2024-06-30,기술상담,중간,2023-01-02,
AS000952,CUST003285,2023-01-25,점검,높음,,
AS000953,CUST003826,2024-03-25,폐기,중간,2023-01-11,
AS000954,CUST002803,2024-05-07,점검,중간,2023-01-13,2.0
AS000955,CUST004174,2023-03-03,점검,중간,2023-01-07,5.0
AS000956,CUST001991,2023-10-27,설치,중간,,5.0
AS000957,CUST002760,2024-02-12,수리,중간,,
AS000958,CUST000495,2023-02-10,점검,낮음,2023-01-08,3.0
AS000959,CUST000905,2024-01-08,기술상담,낮음,2023-01-10,3.0
AS000960,CUST001771,2024-02-14,폐기,높음,2023-01-22,
AS000961,CUST000932,2024-06-07,점검,낮음,2023-01-02,5.0
AS000962,CUST004146,2024-10-06,수리,낮음,2023-01-22,1.0
AS000963,CUST002849,2024-10-27,수리,중간,2023-01-26,3.0
AS000964,CUST001320,2024-03-26,기술상담,높음,2023-01-07,5.0
AS000965,CUST003761,2024-03-14,수리,긴급,2023-01-14,1.0
AS000966,CUST002242,2023-05-08,기술상담,중간,,4.0
AS000967,CUST002578,2023-04-17,기술상담,긴급,2023-01-29,2.0
AS000968,CUST003496,2023-05-30,기술상담,중간,2023-01-26,5.0
AS000969,CUST003833,2023-09-26,점검,중간,2023-01-25,4.0
AS000970,CUST002352,2024-08-16,수리,높음,2023-01-24,5.0
AS000971,CUST004588,2023-04-25,기술상담,중간,2023-01-30,
AS000972,CUST000876,2023-06-23,기술상담,중간,2023-01-11,1.0
AS000973,CUST000618,2024-01-11,기술상담,중간,2023-01-03,
AS000974,CUST001900,2024-02-27,설치,중간,2023-01-09,4.0
AS000975,CUST004274,2024-11-03,설치,중간,2023-01-30,
AS000976,CUST002302,2023-12-14,수리,중간,,
AS000977,CUST000685,2023-05-26,기술상담,중간,2023-01-02,4.0
AS000978,CUST004033,2023-09-06,기술상담,낮음,2023-01-08,5.0
AS000979,CUST001187,2024-05-09,수리,긴급,,5.0
AS000980,CUST002983,2023-08-04,폐기,높음,,5.0
AS000981,CUST004012,2023-09-28,기술상담,중간,2023-01-25,4.0
AS000982,CUST004551,2023-04-10,수리,중간,2023-01-12,2.0
AS000983,CUST001729,2023-12-04,폐기,높음,2023-01-14,
AS000984,CUST002368,2024-10-19,폐기,중간,2023-01-07,5.0
AS000985,CUST003578,2024-12-11,수리,높음,,4.0
AS000986,CUST003143,2023-03-17,기술상담,중간,2023-01-21,
AS000987,CUST000262,2024-04-14,설치,높음,2023-01-23,5.0
AS000988,CUST002655,2024-12-27,수리,낮음,,5.0
AS000989,CUST002134,2024-05-18,설치,낮음,2023-01-21,2.0
AS000990,CUST001043,2023-09-08,수리,긴급,2023-01-02,2.0
AS000991,CUST004361,2023-09-24,기술상담,중간,,3.0
AS000992,CUST001010,2023-12-17,점검,긴급,2023-01-29,
AS000993,CUST001132,2023-10-30,수리,높음,2023-01-10,3.0
AS000994,CUST000064,2024-12-06,수리,중간,,
AS000995,CUST000315,2024-03-31,기술상담,중간,2023-01-14,5.0
AS000996,CUST001113,2023-12-05,점검,긴급,2023-01-07,4.0
AS000997,CUST001499,2024-04-06,점검,높음,2023-01-13,1.0
AS000998,CUST004826,2024-12-17,기술상담,중간,2023-01-08,2.0
AS000999,CUST003634,2023-09-22,기술상담,중간,,5.0
AS001000,CUST000696,2024-08-04,수리,중간,2023-01-13,3.0
AS001001,CUST001922,2023-10-09,점검,중간,2023-01-15,
AS001002,CUST004662,2024-08-31,설치,중간,2023-01-11,2.0
AS001003,CUST002983,2023-02-06,기술상담,중간,,
AS001004,CUST002057,2023-05-24,수리,중간,,5.0
AS001005,CUST001577,2023-06-01,기술상담,높음,2023-01-10,2.0
AS001006,CUST000023,2024-06-18,수리,높음,2023-01-31,5.0
AS001007,CUST003814,2023-10-23,설치,낮음,,2.0
AS001008,CUST002184,2023-01-27,수리,중간,,2.0
AS001009,CUST002008,2023-08-15,기술상담,긴급,2023-01-31,5.0
AS001010,CUST000233,2024-01-15,수리,높음,2023-01-23,
AS001011,CUST004217,2024-07-31,기술상담,높음,,
AS001012,CUST003402,2024-01-07,기술상담,중간,,
AS001013,CUST001629,2024-12-31,폐기,중간,,2.0
AS001014,CUST003273,2023-10-26,폐기,낮음,2023-01-05,5.0
AS001015,CUST003930,2023-11-11,수리,낮음,2023-01-09,
AS001016,CUST001779,2023-06-12,폐기,중간,2023-01-30,2.0
AS001017,CUST003996,2024-08-04,점검,중간,2023-01-19,3.0
AS001018,CUST004338,2024-10-11,기술상담,중간,2023-01-02,3.0
AS001019,CUST001696,2023-11-09,수리,중간,2023-01-17,
AS001020,CUST001779,2024-05-01,수리,낮음,2023-01-24,
AS001021,CUST002804,2024-12-31,설치,중간,2023-01-04,3.0
AS001022,CUST003839,2024-03-26,점검,중간,2023-01-14,5.0
AS001023,CUST002459,2024-11-20,기술상담,중간,2023-01-17,5.0
AS001024,CUST003414,2023-10-29,설치,낮음,2023-01-16,2.0
AS001025,CUST001825,2023-06-08,수리,높음,2023-01-02,5.0
AS001026,CUST002764,2024-12-12,폐기,낮음,2023-01-03,
AS001027,CUST004858,2023-05-12,기술상담,높음,2023-01-26,2.0
AS001028,CUST000586,2023-05-31,폐기,중간,,
AS001029,CUST004193,2024-09-14,폐기,긴급,2023-01-25,
AS001030,CUST004769,2023-10-27,폐기,중간,2023-01-27,4.0
AS001031,CUST001332,2024-01-29,수리,높음,2023-01-23,1.0
AS001032,CUST003869,2023-09-21,수리,낮음,2023-01-29,
AS001033,CUST000660,2024-10-14,수리,높음,2023-01-24,3.0
AS001034,CUST004924,2023-08-22,수리,중간,2023-01-02,
AS001035,CUST001086,2023-01-29,점검,중간,,
AS001036,CUST001775,2023-08-05,설치,긴급,2023-01-20,1.0
AS001037,CUST000250,2024-08-20,기술상담,낮음,,4.0
AS001038,CUST001718,2023-11-07,수리,높음,2023-01-24,
AS001039,CUST002372,2023-06-01,기술상담,중간,2023-01-09,3.0
AS001040,CUST004255,2024-08-21,점검,중간,2023-01-25,2.0
AS001041,CUST000321,2023-01-13,점검,중간,2023-01-13,5.0
AS001042,CUST000344,2023-09-23,폐기,낮음,2023-01-13,5.0
AS001043,CUST004094,2024-01-08,폐기,긴급,2023-01-17,
AS001044,CUST002917,2024-06-04,수리,낮음,2023-01-13,1.0
AS001045,CUST000278,2024-06-13,설치,낮음,2023-01-13,
AS001046,CUST000591,2024-02-20,폐기,높음,2023-01-19,2.0
AS001047,CUST004528,2024-05-03,설치,긴급,2023-01-25,5.0
AS001048,CUST001848,2024-09-25,설치,중간,2023-01-15,
AS001049,CUST002077,2023-06-24,폐기,낮음,2023-01-14,2.0
AS001050,CUST003883,2023-12-19,점검,낮음,2023-01-13,1.0
AS001051,CUST003691,2024-10-21,설치,중간,,3.0
AS001052,CUST004942,2023-06-09,폐기,긴급,2023-01-23,3.0
AS001053,CUST003410,2024-08-24,수리,낮음,,3.0
AS001054,CUST002235,2024-05-28,점검,긴급,2023-01-19,3.0
AS001055,CUST001895,2023-11-18,설치,낮음,2023-01-15,
AS001056,CUST001455,2024-06-19,수리,낮음,2023-01-10,2.0
AS001057,CUST002054,2024-01-19,기술상담,낮음,,
AS001058,CUST004133,2024-01-23,수리,중간,2023-01-13,2.0
AS001059,CUST003577,2024-05-11,기술상담,긴급,2023-01-16,
AS001060,CUST003942,2024-10-25,폐기,중간,,5.0
AS001061,CUST001556,2023-06-23,설치,중간,,4.0
AS001062,CUST002429,2024-06-21,수리,높음,2023-01-03,3.0
AS001063,CUST004679,2024-05-08,기술상담,중간,2023-01-31,5.0
AS001064,CUST003250,2023-06-29,기술상담,긴급,,2.0
AS001065,CUST001268,2024-05-10,수리,긴급,2023-01-21,1.0
AS001066,CUST003053,2024-01-24,설치,중간,2023-01-22,1.0
AS001067,CUST001737,2023-01-15,기술상담,낮음,,3.0
AS001068,CUST003005,2024-11-15,폐기,낮음,2023-01-27,4.0
AS001069,CUST004822,2023-03-08,설치,낮음,2023-01-28,1.0
AS001070,CUST001097,2023-12-17,수리,중간,,5.0
AS001071,CUST000956,2023-08-19,점검,낮음,,1.0
AS001072,CUST003038,2023-11-13,설치,중간,2023-01-28,2.0
AS001073,CUST004243,2023-07-31,기술상담,낮음,2023-01-05,
AS001074,CUST004449,2023-08-18,설치,높음,,3.0
AS001075,CUST002370,2023-06-03,수리,중간,2023-01-18,5.0
AS001076,CUST002378,2023-10-12,기술상담,긴급,2023-01-02,3.0
AS001077,CUST002699,2024-09-15,폐기,중간,2023-01-19,2.0
AS001078,CUST000568,2023-05-03,설치,높음,2023-01-07,
AS001079,CUST000539,2024-10-27,수리,중간,2023-01-23,4.0
AS001080,CUST001999,2023-07-21,수리,중간,2023-01-12,3.0
AS001081,CUST003890,2024-01-01,기술상담,낮음,2023-01-12,
AS001082,CUST000782,2024-05-25,폐기,중간,2023-01-27,4.0
AS001083,CUST003095,2024-04-15,설치,높음,2023-01-31,
AS001084,CUST004970,2024-08-06,수리,중간,2023-01-23,4.0
AS001085,CUST001209,2024-10-15,폐기,낮음,,2.0
AS001086,CUST002857,2023-01-13,폐기,높음,2023-01-13,3.0
AS001087,CUST002659,2024-06-20,기술상담,긴급,2023-01-24,3.0
AS001088,CUST003014,2023-08-22,수리,긴급,,3.0
AS001089,CUST003989,2023-07-27,기술상담,긴급,2023-01-22,
AS001090,CUST001938,2024-01-08,점검,중간,2023-01-06,3.0
AS001091,CUST002979,2024-11-11,점검,중간,,
AS001092,CUST003870,2023-02-03,점검,중간,,5.0
AS001093,CUST004567,2024-02-13,점검,중간,2023-01-02,5.0
AS001094,CUST003594,2024-10-03,기술상담,높음,,5.0
AS001095,CUST001559,2023-04-12,수리,중간,,
AS001096,CUST001340,2023-12-04,설치,낮음,,
AS001097,CUST004622,2024-06-03,기술상담,긴급,2023-01-31,
AS001098,CUST004345,2023-03-10,설치,중간,2023-01-11,3.0
AS001099,CUST003209,2023-10-05,점검,중간,2023-01-14,1.0
AS001100,CUST002354,2024-07-20,점검,중간,2023-01-08,
AS001101,CUST000629,2024-07-01,기술상담,높음,2023-01-05,3.0
AS001102,CUST000600,2024-07-04,설치,낮음,,2.0
AS001103,CUST001719,2023-03-23,설치,중간,2023-01-02,2.0
AS001104,CUST003845,2023-02-27,설치,중간,2023-01-05,2.0
AS001105,CUST002322,2024-04-02,수리,중간,2023-01-28,1.0
AS001106,CUST000961,2024-08-03,점검,중간,,
AS001107,CUST002565,2024-06-19,기술상담,낮음,2023-01-10,
AS001108,CUST002538,2023-09-11,점검,긴급,2023-01-05,1.0
AS001109,CUST000005,2023-09-08,설치,중간,2023-01-13,4.0
AS001110,CUST000494,2023-09-20,수리,중간,2023-01-02,2.0
AS001111,CUST003473,2023-07-07,폐기,중간,2023-01-11,4.0
AS001112,CUST003900,2024-12-07,기술상담,중간,2023-01-13,2.0
AS001113,CUST001528,2024-10-28,점검,낮음,2023-01-15,3.0
AS001114,CUST000539,2023-09-08,폐기,중간,2023-01-31,5.0
AS001115,CUST003904,2023-08-22,폐기,낮음,2023-01-21,4.0
AS001116,CUST002891,2024-12-07,점검,높음,2023-01-23,5.0
AS001117,CUST003444,2024-04-12,설치,낮음,2023-01-03,
AS001118,CUST003226,2023-07-01,기술상담,중간,2023-01-13,4.0
AS001119,CUST002553,2023-02-11,폐기,긴급,2023-01-24,
AS001120,CUST001176,2024-09-15,점검,낮음,2023-01-27,2.0
AS001121,CUST001994,2023-09-30,폐기,중간,2023-01-19,4.0
AS001122,CUST004137,2024-07-19,수리,중간,,
AS001123,CUST000992,2023-10-12,점검,중간,2023-01-20,4.0
AS001124,CUST001851,2023-04-04,점검,중간,2023-01-13,1.0
AS001125,CUST001653,2023-07-14,점검,낮음,,5.0
AS001126,CUST004469,2023-03-07,기술상담,중간,2023-01-02,
AS001127,CUST003338,2023-05-16,폐기,낮음,2023-01-17,
AS001128,CUST002637,2024-06-19,기술상담,긴급,,
AS001129,CUST003637,2023-11-07,수리,낮음,2023-01-10,1.0
AS001130,CUST001522,2023-03-04,기술상담,낮음,2023-01-04,2.0
AS001131,CUST001106,2023-08-01,기술상담,중간,2023-01-28,
AS001132,CUST002284,2023-08-22,수리,긴급,2023-01-31,
AS001133,CUST002547,2023-09-07,기술상담,중간,2023-01-14,2.0
AS001134,CUST002223,2024-08-22,기술상담,높음,2023-01-09,1.0
AS001135,CUST000696,2024-08-18,기술상담,중간,2023-01-17,5.0
AS001136,CUST004032,2024-05-03,수리,낮음,2023-01-11,1.0
AS001137,CUST001715,2024-04-20,기술상담,긴급,2023-01-24,5.0
AS001138,CUST003643,2023-04-11,기술상담,긴급,,4.0
AS001139,CUST001475,2024-07-03,설치,낮음,2023-01-15,
AS001140,CUST003033,2023-02-22,기술상담,낮음,2023-01-23,
AS001141,CUST000986,2023-11-23,기술상담,중간,2023-01-29,4.0
AS001142,CUST003084,2024-10-11,설치,중간,2023-01-02,2.0
AS001143,CUST004255,2023-03-16,수리,높음,,5.0
AS001144,CUST001989,2023-07-21,점검,낮음,2023-01-18,1.0
AS001145,CUST000584,2024-05-04,점검,중간,2023-01-10,4.0
AS001146,CUST000928,2023-04-30,설치,낮음,2023-01-14,1.0
AS001147,CUST004798,2024-03-28,기술상담,낮음,,2.0
AS001148,CUST002556,2023-03-27,폐기,높음,2023-01-25,
AS001149,CUST004215,2024-05-02,점검,높음,2023-01-20,
AS001150,CUST003639,2023-07-22,수리,중간,2023-01-18,3.0
AS001151,CUST001227,2023-04-13,수리,낮음,2023-01-30,3.0
AS001152,CUST004061,2024-07-09,폐기,낮음,2023-01-29,3.0
AS001153,CUST003906,2024-08-26,수리,중간,2023-01-11,4.0
AS001154,CUST001710,2023-08-09,기술상담,낮음,2023-01-15,5.0
AS001155,CUST004504,2024-09-04,수리,낮음,2023-01-06,
AS001156,CUST001853,2024-05-13,기술상담,높음,,5.0
AS001157,CUST002862,2023-11-04,수리,중간,2023-01-17,4.0
AS001158,CUST002441,2024-08-05,기술상담,낮음,2023-01-02,5.0
AS001159,CUST002839,2023-01-10,설치,낮음,2023-01-25,1.0
AS001160,CUST001956,2024-08-18,설치,낮음,,5.0
AS001161,CUST003405,2024-03-16,설치,높음,,
AS001162,CUST003444,2023-04-25,수리,높음,,
AS001163,CUST002757,2024-03-29,설치,높음,2023-01-07,
AS001164,CUST004694,2024-10-20,기술상담,중간,2023-01-29,2.0
AS001165,CUST002969,2023-07-19,기술상담,높음,2023-01-29,2.0
AS001166,CUST000070,2024-08-26,기술상담,중간,2023-01-24,2.0
AS001167,CUST003838,2024-10-12,점검,중간,2023-01-24,
AS001168,CUST004301,2024-09-21,기술상담,중간,,2.0
AS001169,CUST002500,2024-04-12,설치,중간,2023-01-07,
AS001170,CUST003005,2023-01-01,수리,중간,2023-01-25,
AS001171,CUST003603,2023-09-15,폐기,낮음,,2.0
AS001172,CUST003242,2024-02-21,기술상담,중간,2023-01-02,5.0
AS001173,CUST003168,2024-09-07,폐기,높음,2023-01-13,
AS001174,CUST000832,2023-10-05,수리,낮음,,4.0
AS001175,CUST002220,2024-05-19,기술상담,긴급,2023-01-24,
AS001176,CUST000461,2024-10-08,기술상담,낮음,2023-01-24,
AS001177,CUST000368,2023-06-30,수리,중간,2023-01-19,
AS001178,CUST000614,2023-12-03,점검,중간,2023-01-17,
AS001179,CUST004837,2024-06-03,기술상담,낮음,2023-01-15,5.0
AS001180,CUST003677,2024-05-09,설치,높음,2023-01-15,3.0
AS001181,CUST002828,2024-06-10,폐기,중간,2023-01-04,5.0
AS001182,CUST004189,2023-10-18,폐기,높음,2023-01-23,2.0
AS001183,CUST004920,2024-10-22,설치,낮음,2023-01-14,3.0
AS001184,CUST004202,2023-11-03,기술상담,높음,2023-01-09,
AS001185,CUST001957,2023-09-28,점검,낮음,,5.0
AS001186,CUST003395,2024-06-28,수리,긴급,,
AS001187,CUST002731,2023-09-12,점검,낮음,2023-01-07,3.0
AS001188,CUST001927,2023-12-16,기술상담,낮음,2023-01-07,3.0
AS001189,CUST000465,2023-10-09,폐기,중간,2023-01-16,1.0
AS001190,CUST003828,2024-11-25,기술상담,중간,2023-01-19,4.0
AS001191,CUST001601,2024-07-28,설치,중간,2023-01-10,
AS001192,CUST000858,2024-05-30,점검,긴급,2023-01-27,
AS001193,CUST000500,2023-11-13,기술상담,중간,2023-01-20,4.0
AS001194,CUST001596,2024-10-02,기술상담,낮음,2023-01-19,1.0
AS001195,CUST000935,2024-03-26,점검,중간,2023-01-08,3.0
AS001196,CUST003360,2023-04-25,폐기,높음,2023-01-06,
AS001197,CUST004110,2023-07-06,점검,긴급,2023-01-14,4.0
AS001198,CUST000105,2024-05-14,수리,높음,2023-01-03,1.0
AS001199,CUST003139,2023-01-07,폐기,긴급,2023-01-02,4.0
AS001200,CUST002319,2023-11-23,기술상담,중간,2023-01-23,5.0
AS001201,CUST004426,2024-06-05,기술상담,중간,2023-01-18,2.0
AS001202,CUST001976,2024-04-26,기술상담,긴급,2023-01-30,4.0
AS001203,CUST004902,2024-05-22,점검,낮음,,1.0
AS001204,CUST002359,2023-06-17,수리,긴급,2023-01-09,5.0
AS001205,CUST002312,2023-07-03,기술상담,낮음,,5.0
AS001206,CUST004198,2023-03-09,점검,중간,,
AS001207,CUST002226,2024-03-18,설치,중간,2023-01-17,
AS001208,CUST001902,2024-11-20,폐기,긴급,2023-01-08,3.0
AS001209,CUST004004,2023-11-08,설치,높음,2023-01-14,5.0
AS001210,CUST004260,2023-04-07,기술상담,중간,2023-01-22,
AS001211,CUST001368,2024-03-29,기술상담,긴급,2023-01-27,2.0
AS001212,CUST001931,2023-12-17,수리,긴급,2023-01-23,1.0
AS001213,CUST004816,2024-10-15,기술상담,중간,2023-01-18,3.0
AS001214,CUST001473,2024-12-04,점검,중간,2023-01-26,1.0
AS001215,CUST004478,2024-07-05,수리,중간,2023-01-18,2.0
AS001216,CUST004056,2023-07-07,설치,중간,,1.0
AS001217,CUST004782,2023-07-18,수리,낮음,2023-01-07,5.0
AS001218,CUST002472,2023-04-22,수리,높음,2023-01-26,4.0
AS001219,CUST003982,2023-08-26,기술상담,중간,2023-01-22,5.0
AS001220,CUST002793,2023-08-07,폐기,중간,2023-01-09,
AS001221,CUST002382,2023-11-11,수리,중간,,2.0
AS001222,CUST000049,2024-05-28,기술상담,중간,2023-01-26,3.0
AS001223,CUST003913,2023-11-09,기술상담,높음,2023-01-29,3.0
AS001224,CUST002856,2023-11-24,폐기,높음,2023-01-14,5.0
AS001225,CUST001160,2024-06-27,폐기,중간,2023-01-23,1.0
AS001226,CUST002760,2024-04-28,설치,중간,2023-01-13,
AS001227,CUST002849,2023-04-16,기술상담,중간,2023-01-21,
AS001228,CUST003156,2024-12-02,기술상담,낮음,,
AS001229,CUST004736,2023-11-04,폐기,높음,2023-01-31,
AS001230,CUST002545,2024-09-16,설치,중간,2023-01-21,1.0
AS001231,CUST002566,2023-08-04,설치,높음,,3.0
AS001232,CUST000744,2024-08-07,폐기,낮음,2023-01-15,4.0
AS001233,CUST003454,2024-11-19,수리,중간,2023-01-26,5.0
AS001234,CUST003793,2023-06-08,수리,긴급,2023-01-09,
AS001235,CUST004705,2023-11-28,기술상담,높음,2023-01-11,1.0
AS001236,CUST004319,2023-06-10,설치,중간,2023-01-04,3.0
AS001237,CUST002436,2023-07-16,기술상담,중간,2023-01-02,
AS001238,CUST002744,2024-02-10,설치,낮음,2023-01-19,2.0
AS001239,CUST001992,2023-06-25,점검,중간,2023-01-30,
AS001240,CUST000775,2023-06-11,설치,중간,,1.0
AS001241,CUST002357,2024-09-16,설치,낮음,,2.0
AS001242,CUST001749,2024-11-09,폐기,긴급,2023-01-10,2.0
AS001243,CUST001035,2023-06-10,설치,중간,2023-01-16,
AS001244,CUST002664,2023-11-30,점검,중간,2023-01-31,
AS001245,CUST004103,2024-06-12,설치,낮음,2023-01-28,3.0
AS001246,CUST004787,2024-04-30,점검,높음,2023-01-12,1.0
AS001247,CUST001851,2024-10-31,수리,높음,,4.0
AS001248,CUST004534,2024-09-01,기술상담,중간,,5.0
AS001249,CUST001036,2024-03-02,수리,높음,2023-01-17,5.0
AS001250,CUST003880,2023-10-03,폐기,낮음,2023-01-29,
AS001251,CUST002921,2023-08-23,폐기,높음,,
AS001252,CUST004797,2023-09-27,폐기,낮음,2023-01-19,4.0
AS001253,CUST003957,2024-04-28,기술상담,높음,,5.0
AS001254,CUST003496,2023-11-07,수리,낮음,2023-01-23,5.0
AS001255,CUST000761,2024-01-15,점검,중간,,
AS001256,CUST001126,2023-05-29,기술상담,낮음,2023-01-12,1.0
AS001257,CUST003698,2023-11-10,설치,높음,2023-01-17,2.0
AS001258,CUST002392,2023-12-08,기술상담,중간,,2.0
AS001259,CUST004364,2023-12-29,폐기,높음,2023-01-21,4.0
AS001260,CUST004268,2023-11-19,수리,긴급,2023-01-10,2.0
AS001261,CUST001588,2024-04-05,점검,중간,2023-01-31,5.0
AS001262,CUST004896,2023-11-12,기술상담,중간,2023-01-11,
AS001263,CUST000481,2024-03-11,설치,높음,2023-01-09,1.0
AS001264,CUST003360,2024-07-30,수리,중간,2023-01-30,4.0
AS001265,CUST002713,2024-02-07,수리,중간,2023-01-09,2.0
AS001266,CUST001533,2024-03-03,점검,높음,2023-01-13,5.0
AS001267,CUST004667,2023-01-06,폐기,낮음,,
AS001268,CUST002924,2024-02-18,기술상담,낮음,2023-01-12,3.0
AS001269,CUST004144,2023-02-26,기술상담,중간,2023-01-15,5.0
AS001270,CUST001807,2024-02-23,폐기,중간,2023-01-21,
AS001271,CUST001145,2023-12-29,기술상담,긴급,2023-01-23,
AS001272,CUST000859,2024-10-23,설치,긴급,2023-01-21,5.0
AS001273,CUST002157,2023-05-24,폐기,중간,,
AS001274,CUST004924,2024-04-12,설치,높음,2023-01-26,3.0
AS001275,CUST004675,2023-10-08,점검,중간,2023-01-08,4.0
AS001276,CUST004651,2023-01-20,수리,중간,2023-01-13,2.0
AS001277,CUST003705,2024-12-22,수리,중간,2023-01-19,2.0
AS001278,CUST002435,2023-07-27,설치,낮음,2023-01-27,3.0
AS001279,CUST004413,2023-08-02,점검,중간,2023-01-18,
AS001280,CUST001781,2024-11-08,수리,중간,2023-01-25,3.0
AS001281,CUST000661,2023-09-20,설치,중간,2023-01-11,1.0
AS001282,CUST000074,2023-10-29,설치,높음,2023-01-08,5.0
AS001283,CUST001213,2024-01-18,설치,낮음,2023-01-22,5.0
AS001284,CUST003639,2023-01-25,설치,낮음,,3.0
AS001285,CUST004222,2023-11-26,점검,높음,2023-01-22,
AS001286,CUST001002,2024-03-13,설치,낮음,,3.0
AS001287,CUST000956,2024-01-27,폐기,중간,2023-01-14,
AS001288,CUST004281,2023-11-30,수리,중간,2023-01-10,3.0
AS001289,CUST003290,2024-07-25,기술상담,높음,,1.0
AS001290,CUST001521,2024-07-27,폐기,중간,2023-01-12,
AS001291,CUST003360,2023-07-24,수리,낮음,2023-01-21,3.0
AS001292,CUST002387,2023-08-09,폐기,높음,2023-01-05,
AS001293,CUST001964,2024-09-24,수리,낮음,,4.0
AS001294,CUST004423,2024-05-30,수리,낮음,,
AS001295,CUST004624,2024-03-26,설치,낮음,,1.0
AS001296,CUST002734,2023-10-08,설치,중간,2023-01-08,
AS001297,CUST004686,2023-04-20,기술상담,중간,,5.0
AS001298,CUST001022,2023-03-18,기술상담,낮음,2023-01-17,2.0
AS001299,CUST003632,2023-09-06,점검,중간,2023-01-19,
AS001300,CUST004509,2023-06-14,수리,중간,2023-01-10,1.0
AS001301,CUST003231,2023-11-30,수리,중간,2023-01-15,
AS001302,CUST001977,2024-05-06,기술상담,중간,2023-01-03,4.0
AS001303,CUST002068,2024-08-30,점검,높음,,3.0
AS001304,CUST004766,2024-04-26,점검,중간,2023-01-17,3.0
AS001305,CUST000761,2023-02-17,폐기,중간,2023-01-17,5.0
AS001306,CUST000296,2024-11-06,기술상담,긴급,2023-01-12,3.0
AS001307,CUST000095,2024-02-04,폐기,낮음,2023-01-07,
AS001308,CUST004666,2024-12-05,점검,중간,2023-01-26,1.0
AS001309,CUST001163,2024-12-24,점검,긴급,,1.0
AS001310,CUST004193,2024-05-13,점검,낮음,2023-01-29,
AS001311,CUST000288,2023-09-13,폐기,중간,2023-01-05,
AS001312,CUST002723,2023-10-14,점검,높음,2023-01-10,4.0
AS001313,CUST003180,2024-09-13,점검,긴급,2023-01-05,
AS001314,CUST001115,2024-08-23,기술상담,중간,,3.0
AS001315,CUST000389,2024-01-20,설치,중간,2023-01-08,4.0
AS001316,CUST000925,2023-03-02,수리,낮음,2023-01-23,4.0
AS001317,CUST000123,2023-04-14,점검,낮음,2023-01-02,2.0
AS001318,CUST001703,2023-02-27,폐기,낮음,2023-01-21,1.0
AS001319,CUST001335,2024-10-16,폐기,높음,2023-01-11,1.0
AS001320,CUST003852,2023-12-17,수리,낮음,2023-01-09,5.0
AS001321,CUST003623,2023-10-10,폐기,높음,2023-01-21,2.0
AS001322,CUST002867,2024-07-04,폐기,높음,2023-01-10,3.0
AS001323,CUST003945,2024-01-14,기술상담,높음,,1.0
AS001324,CUST000372,2024-03-24,폐기,높음,2023-01-09,3.0
AS001325,CUST003769,2023-10-19,수리,낮음,2023-01-19,
AS001326,CUST003439,2023-04-24,폐기,긴급,2023-01-26,1.0
AS001327,CUST000587,2024-04-28,기술상담,중간,2023-01-27,3.0
AS001328,CUST001407,2023-05-18,점검,중간,,1.0
AS001329,CUST003514,2023-03-17,설치,중간,2023-01-19,5.0
AS001330,CUST001958,2023-11-29,설치,중간,2023-01-07,4.0
AS001331,CUST003627,2024-02-28,수리,중간,2023-01-25,
AS001332,CUST002521,2023-06-05,수리,낮음,2023-01-10,4.0
AS001333,CUST002823,2023-06-04,점검,높음,,3.0
AS001334,CUST000721,2024-08-26,폐기,높음,2023-01-09,3.0
AS001335,CUST002472,2023-11-03,수리,중간,,3.0
AS001336,CUST002852,2024-08-10,폐기,중간,2023-01-16,4.0
AS001337,CUST004931,2023-07-24,폐기,낮음,2023-01-30,
AS001338,CUST003677,2024-07-29,기술상담,높음,2023-01-09,
AS001339,CUST000078,2023-04-01,기술상담,낮음,2023-01-02,1.0
AS001340,CUST001413,2024-03-24,점검,긴급,2023-01-11,3.0
AS001341,CUST002818,2023-09-09,설치,낮음,2023-01-29,1.0
AS001342,CUST002013,2023-12-02,수리,낮음,2023-01-14,5.0
AS001343,CUST004212,2024-08-09,수리,낮음,2023-01-09,1.0
AS001344,CUST001087,2024-07-13,폐기,높음,2023-01-04,
AS001345,CUST002641,2024-11-07,수리,높음,2023-01-16,1.0
AS001346,CUST002245,2023-09-24,수리,중간,2023-01-25,4.0
AS001347,CUST003590,2024-07-24,설치,낮음,,1.0
AS001348,CUST000688,2024-06-27,수리,낮음,,3.0
AS001349,CUST003370,2023-10-26,점검,중간,,
AS001350,CUST004523,2024-12-07,폐기,중간,2023-01-26,2.0
AS001351,CUST000897,2023-01-23,기술상담,중간,2023-01-30,1.0
AS001352,CUST000102,2023-05-24,폐기,중간,2023-01-15,5.0
AS001353,CUST000214,2023-03-11,설치,높음,,3.0
AS001354,CUST004632,2024-12-17,점검,높음,2023-01-12,2.0
AS001355,CUST003729,2024-12-29,기술상담,중간,2023-01-18,1.0
AS001356,CUST001299,2023-11-18,폐기,긴급,2023-01-28,
AS001357,CUST000606,2024-01-05,설치,낮음,2023-01-08,
AS001358,CUST002549,2024-04-01,수리,높음,2023-01-24,2.0
AS001359,CUST002259,2023-08-08,수리,중간,2023-01-28,4.0
AS001360,CUST004833,2023-07-08,수리,긴급,2023-01-14,2.0
AS001361,CUST002972,2023-11-25,폐기,중간,2023-01-14,2.0
AS001362,CUST000696,2024-04-24,설치,중간,2023-01-12,1.0
AS001363,CUST004398,2023-08-22,설치,중간,2023-01-10,
AS001364,CUST000598,2024-04-16,설치,높음,2023-01-11,5.0
AS001365,CUST003229,2024-01-06,기술상담,중간,,
AS001366,CUST001514,2023-12-08,수리,중간,2023-01-30,2.0
AS001367,CUST004326,2023-07-23,기술상담,중간,2023-01-02,
AS001368,CUST002586,2024-11-24,점검,중간,2023-01-20,2.0
AS001369,CUST000985,2024-12-21,설치,중간,2023-01-24,5.0
AS001370,CUST000465,2023-09-23,폐기,중간,2023-01-24,3.0
AS001371,CUST002403,2023-09-19,설치,낮음,,5.0
AS001372,CUST003335,2024-09-10,설치,낮음,2023-01-13,4.0
AS001373,CUST001084,2023-01-24,설치,낮음,2023-01-02,4.0
AS001374,CUST002511,2023-05-24,기술상담,중간,2023-01-25,4.0
AS001375,CUST004974,2023-05-03,수리,긴급,2023-01-15,1.0
AS001376,CUST000100,2024-10-19,수리,긴급,2023-01-10,3.0
AS001377,CUST000908,2024-02-25,수리,긴급,2023-01-10,2.0
AS001378,CUST002415,2024-03-13,폐기,낮음,2023-01-10,2.0
AS001379,CUST004683,2024-02-10,설치,중간,2023-01-07,
AS001380,CUST004838,2024-05-13,기술상담,낮음,2023-01-20,
AS001381,CUST001283,2023-02-19,폐기,낮음,2023-01-21,3.0
AS001382,CUST000943,2024-06-25,점검,낮음,2023-01-08,
AS001383,CUST002316,2023-03-03,설치,높음,,
AS001384,CUST004880,2024-06-08,기술상담,낮음,,2.0
AS001385,CUST004088,2024-01-18,폐기,중간,2023-01-26,5.0
AS001386,CUST003973,2023-01-17,점검,긴급,2023-01-24,2.0
AS001387,CUST001475,2024-08-02,설치,중간,,
AS001388,CUST000938,2024-03-23,기술상담,중간,2023-01-24,4.0
AS001389,CUST004881,2023-02-02,기술상담,높음,2023-01-10,1.0
AS001390,CUST001549,2024-05-31,폐기,중간,2023-01-31,
AS001391,CUST003041,2023-12-01,점검,긴급,2023-01-06,4.0
AS001392,CUST004964,2024-07-05,수리,중간,2023-01-29,3.0
AS001393,CUST004176,2024-05-18,폐기,낮음,2023-01-29,1.0
AS001394,CUST003797,2023-10-17,점검,중간,,
AS001395,CUST000093,2024-08-11,기술상담,중간,2023-01-11,
AS001396,CUST000780,2023-12-08,폐기,긴급,2023-01-04,5.0
AS001397,CUST001006,2024-10-11,설치,긴급,2023-01-04,4.0
AS001398,CUST000915,2023-03-10,수리,중간,2023-01-20,3.0
AS001399,CUST003689,2023-03-19,수리,중간,2023-01-27,3.0
AS001400,CUST001465,2024-08-01,수리,낮음,,5.0
AS001401,CUST000621,2023-04-05,설치,중간,,
AS001402,CUST004491,2024-07-25,수리,중간,2023-01-11,5.0
AS001403,CUST001770,2023-04-26,설치,긴급,2023-01-15,
AS001404,CUST001673,2024-06-28,기술상담,높음,,
AS001405,CUST000276,2023-06-12,기술상담,낮음,2023-01-27,3.0
AS001406,CUST001035,2024-06-09,설치,중간,,3.0
AS001407,CUST002699,2023-03-31,수리,중간,2023-01-04,1.0
AS001408,CUST004332,2024-08-10,기술상담,낮음,2023-01-05,2.0
AS001409,CUST001506,2024-04-24,점검,중간,2023-01-27,5.0
AS001410,CUST000600,2024-09-16,설치,중간,2023-01-05,1.0
AS001411,CUST003951,2024-10-27,점검,중간,,
AS001412,CUST001985,2023-07-15,점검,중간,2023-01-13,5.0
AS001413,CUST002476,2023-03-16,폐기,중간,2023-01-06,
AS001414,CUST004023,2024-12-01,수리,중간,2023-01-07,
AS001415,CUST001530,2024-03-17,수리,낮음,2023-01-02,5.0
AS001416,CUST003614,2023-10-11,기술상담,높음,2023-01-07,4.0
AS001417,CUST003851,2024-04-21,점검,높음,,1.0
AS001418,CUST002950,2024-04-07,설치,낮음,2023-01-02,5.0
AS001419,CUST004596,2023-06-05,폐기,긴급,2023-01-30,1.0
AS001420,CUST001517,2024-10-28,점검,중간,2023-01-06,
AS001421,CUST003432,2023-12-05,점검,중간,2023-01-17,5.0
AS001422,CUST001114,2023-03-16,기술상담,중간,2023-01-06,
AS001423,CUST004714,2023-07-06,점검,중간,2023-01-21,4.0
AS001424,CUST004491,2024-10-25,수리,낮음,,
AS001425,CUST002945,2024-08-12,설치,중간,2023-01-10,4.0
AS001426,CUST000497,2023-12-14,수리,중간,2023-01-16,1.0
AS001427,CUST004432,2024-04-09,점검,높음,2023-01-05,5.0
AS001428,CUST003955,2024-06-24,점검,중간,2023-01-07,2.0
AS001429,CUST000347,2024-12-10,수리,낮음,2023-01-26,
AS001430,CUST000563,2024-03-18,수리,낮음,2023-01-14,
AS001431,CUST001138,2023-01-22,기술상담,중간,2023-01-11,2.0
AS001432,CUST001886,2024-02-16,설치,중간,2023-01-27,
AS001433,CUST002669,2024-08-11,수리,중간,2023-01-26,
AS001434,CUST002902,2023-10-28,점검,중간,2023-01-19,5.0
AS001435,CUST001119,2023-01-07,수리,중간,2023-01-30,5.0
AS001436,CUST002875,2024-09-30,폐기,낮음,2023-01-22,
AS001437,CUST003545,2024-02-04,폐기,중간,,
AS001438,CUST000532,2023-01-20,폐기,중간,2023-01-21,1.0
AS001439,CUST002253,2023-01-09,폐기,중간,2023-01-28,3.0
AS001440,CUST004116,2023-08-19,점검,낮음,2023-01-26,4.0
AS001441,CUST001572,2023-11-27,폐기,중간,2023-01-31,
AS001442,CUST003284,2024-03-13,기술상담,높음,2023-01-18,
AS001443,CUST001606,2023-06-04,기술상담,중간,,2.0
AS001444,CUST003519,2023-09-23,기술상담,낮음,2023-01-03,5.0
AS001445,CUST000550,2023-08-17,폐기,긴급,2023-01-21,5.0
AS001446,CUST000962,2024-08-21,수리,높음,,
AS001447,CUST002543,2024-11-21,폐기,높음,,4.0
AS001448,CUST000215,2023-12-01,점검,중간,2023-01-30,2.0
AS001449,CUST003760,2024-06-29,기술상담,중간,2023-01-14,1.0
AS001450,CUST002439,2024-04-13,수리,낮음,2023-01-02,3.0
AS001451,CUST001223,2024-10-31,기술상담,중간,2023-01-08,5.0
AS001452,CUST004008,2024-11-12,수리,중간,,
AS001453,CUST000319,2023-07-25,점검,중간,2023-01-26,
AS001454,CUST004535,2024-08-11,수리,낮음,2023-01-06,5.0
AS001455,CUST001140,2023-12-30,기술상담,높음,2023-01-20,5.0
AS001456,CUST003843,2024-08-13,수리,중간,,5.0
AS001457,CUST001423,2023-06-06,폐기,중간,2023-01-22,2.0
AS001458,CUST003193,2023-07-13,설치,중간,,
AS001459,CUST002473,2023-06-01,기술상담,중간,2023-01-06,4.0
AS001460,CUST001522,2023-07-31,설치,중간,2023-01-09,
AS001461,CUST002458,2023-11-12,수리,긴급,,
AS001462,CUST004184,2023-07-05,폐기,높음,2023-01-14,5.0
AS001463,CUST002424,2023-04-14,수리,긴급,2023-01-16,
AS001464,CUST001422,2023-01-27,설치,중간,2023-01-08,
AS001465,CUST003196,2024-06-30,기술상담,중간,2023-01-15,1.0
AS001466,CUST004755,2024-09-08,점검,낮음,,
AS001467,CUST003765,2023-02-10,설치,중간,2023-01-06,
AS001468,CUST004061,2023-05-11,폐기,중간,,
AS001469,CUST003349,2024-07-07,기술상담,높음,,2.0
AS001470,CUST003660,2023-12-23,수리,중간,2023-01-03,1.0
AS001471,CUST000217,2023-03-12,설치,중간,2023-01-31,3.0
AS001472,CUST000231,2023-12-02,기술상담,낮음,2023-01-22,2.0
AS001473,CUST002646,2023-11-19,수리,긴급,,4.0
AS001474,CUST000275,2023-08-24,폐기,낮음,2023-01-11,
AS001475,CUST004332,2024-11-04,점검,낮음,2023-01-18,1.0
AS001476,CUST001749,2023-08-02,수리,긴급,2023-01-03,1.0
AS001477,CUST000055,2023-07-26,점검,높음,,
AS001478,CUST002223,2023-11-07,기술상담,중간,,1.0
AS001479,CUST004905,2023-06-17,수리,높음,2023-01-13,3.0
AS001480,CUST002496,2024-03-10,수리,중간,2023-01-11,1.0
AS001481,CUST000191,2023-10-05,설치,중간,,
AS001482,CUST001635,2023-08-27,기술상담,중간,2023-01-05,2.0
AS001483,CUST004980,2023-08-11,점검,낮음,2023-01-24,1.0
AS001484,CUST003627,2023-12-30,폐기,중간,2023-01-03,4.0
AS001485,CUST004647,2023-01-28,폐기,낮음,2023-01-08,1.0
AS001486,CUST002130,2023-05-21,점검,중간,2023-01-13,
AS001487,CUST003048,2024-03-26,기술상담,낮음,2023-01-14,4.0
AS001488,CUST002959,2023-05-07,기술상담,중간,2023-01-21,5.0
AS001489,CUST002809,2024-01-20,점검,낮음,2023-01-21,2.0
AS001490,CUST004035,2023-01-27,폐기,긴급,2023-01-13,4.0
AS001491,CUST003387,2024-03-30,점검,낮음,2023-01-18,5.0
AS001492,CUST001214,2023-08-02,점검,높음,2023-01-30,4.0
AS001493,CUST004630,2024-01-25,수리,중간,2023-01-17,4.0
AS001494,CUST000398,2023-02-20,설치,긴급,2023-01-18,1.0
AS001495,CUST004494,2024-04-02,수리,긴급,2023-01-26,5.0
AS001496,CUST004787,2024-03-25,점검,낮음,2023-01-25,1.0
AS001497,CUST001398,2024-02-13,기술상담,높음,2023-01-04,1.0
AS001498,CUST004999,2023-07-23,설치,중간,,
AS001499,CUST001570,2023-07-30,수리,긴급,2023-01-28,3.0
AS001500,CUST001429,2024-01-25,수리,낮음,2023-01-23,4.0
